fatal: not a git repository (or any of the parent directories): .git
python3 scripts/clean_outputs.py --build-root "build/profiles/local-owned" --experiment-root "data/experiments" --tools-root "data/tools" --test-root "tmp/tests" --executable "build/profiles/local-owned/bin/physics_sim" --executable "build/profiles/local-owned/bin/vf2d_pack_tool" --executable "build/profiles/local-owned/bin/vf2d_dataset_tool" --executable "build/profiles/local-owned/bin/physics_trace_tool" --executable "build/profiles/local-owned/bin/physics_sim_headless" --executable "build/profiles/local-owned/bin/physics_sim_job_runner" --executable "build/profiles/local-owned/bin/runtime_scene_emitter_diag_tool" --executable "build/profiles/local-owned/bin/physics_sim_session_worker" --executable "build/profiles/local-owned/bin/shape_sanity_tool" --executable "build/profiles/local-owned/bin/shape_mask_tool" --executable "build/profiles/local-owned/bin/shape_asset_tool"
{
  "schema": "physics_sim_clean_plan_v2",
  "owned_files": [
    {
      "path": "/private/tmp/physics-focused-build-20261007/repo/build/profiles/local-owned/.configuration/active.json",
      "identity": [
        16777231,
        252219222,
        33152,
        96,
        1791434537144994772,
        1791434537145148688
      ],
      "sha256": "a897d322ebb5f80cf8cd4845fbea1857516946bfc57ea60089ddb6d4009ab798"
    },
    {
      "path": "/private/tmp/physics-focused-build-20261007/repo/build/profiles/local-owned/.configuration/c91109e1e3e264751822a863c89784cbdd95488e4595e51c55d31978a99e2641-1.json",
      "identity": [
        16777231,
        252219219,
        33152,
        12512,
        1791434537142660864,
        1791434537142965738
      ],
      "sha256": "c91109e1e3e264751822a863c89784cbdd95488e4595e51c55d31978a99e2641"
    },
    {
      "path": "/private/tmp/physics-focused-build-20261007/repo/build/profiles/local-owned/app/app_config.d",
      "identity": [
        16777231,
        252219821,
        33188,
        295,
        1791434544384578022,
        1791434544441936549
      ],
      "sha256": "c55122151feb261f2d8873a16313f062fdc486267dc56e20e26f6ea7986a64da"
    },
    {
      "path": "/private/tmp/physics-focused-build-20261007/repo/build/profiles/local-owned/app/app_config.o",
      "identity": [
        16777231,
        252219789,
        33188,
        8480,
        1791434544384368981,
        1791434544442057591
      ],
      "sha256": "ca9106b4df9c1804c59bdde8400597ff167a62e91331f13bdb172dca6c254372"
    },
    {
      "path": "/private/tmp/physics-focused-build-20261007/repo/build/profiles/local-owned/app/atmospheric/atmospheric_field.d",
      "identity": [
        16777231,
        252220231,
        33188,
        581,
        1791434544620827812,
        1791434544653779768
      ],
      "sha256": "32e5e638f41d087a1c9136db3bde8b5550b09945cc6a0dde4214e0a9cd60bfc1"
    },
    {
      "path": "/private/tmp/physics-focused-build-20261007/repo/build/profiles/local-owned/app/atmospheric/atmospheric_field.o",
      "identity": [
        16777231,
        252220185,
        33188,
        27600,
        1791434544620434022,
        1791434544653897767
      ],
      "sha256": "44ea85d8b63567b98d64de427bacf7aa65cf674a6d5f28c2c0526ae7b6ddda6e"
    },
    {
      "path": "/private/tmp/physics-focused-build-20261007/repo/build/profiles/local-owned/app/atmospheric/atmospheric_warm_start.d",
      "identity": [
        16777231,
        252220779,
        33188,
        7642,
        1791434545266091096,
        1791434545346542784
      ],
      "sha256": "a7515e69f5a41ed360c0b9ec4f63b25ef83e605c39634b27e5b14831f079fa28"
    },
    {
      "path": "/private/tmp/physics-focused-build-20261007/repo/build/profiles/local-owned/app/atmospheric/atmospheric_warm_start.o",
      "identity": [
        16777231,
        252220537,
        33188,
        60168,
        1791434545264907393,
        1791434545346663991
      ],
      "sha256": "dd4bf7df99212f22f15a7df5a21c34fa16b952eefd827a49fa6276bc56c29e47"
    },
    {
      "path": "/private/tmp/physics-focused-build-20261007/repo/build/profiles/local-owned/app/data_paths.d",
      "identity": [
        16777231,
        252219375,
        33188,
        240,
        1791434540178678989,
        1791434540229865415
      ],
      "sha256": "443de28df28d01fe9ddee31d406e64593e2a1d812367a25e3f6c3b9fed50bee8"
    },
    {
      "path": "/private/tmp/physics-focused-build-20261007/repo/build/profiles/local-owned/app/data_paths.o",
      "identity": [
        16777231,
        252219373,
        33188,
        17832,
        1791434540178483323,
        1791434540230016248
      ],
      "sha256": "c2408aaa491e860429c5b85c58e2016c416f1beeef512173c55b6e4c0fb1b58f"
    },
    {
      "path": "/private/tmp/physics-focused-build-20261007/repo/build/profiles/local-owned/app/editor/scene_editor_viewport.d",
      "identity": [
        16777231,
        252221614,
        33188,
        657,
        1791434551054058724,
        1791434551086796971
      ],
      "sha256": "fed6247ef93ff18ee1d7e9b2b5d5b5577e9e7ec6f94d238a4f176f4858cc35a3"
    },
    {
      "path": "/private/tmp/physics-focused-build-20261007/repo/build/profiles/local-owned/app/editor/scene_editor_viewport.o",
      "identity": [
        16777231,
        252221612,
        33188,
        32896,
        1791434551053841391,
        1791434551086919929
      ],
      "sha256": "1871f6e9726f58cb4258ee37c1325f7ba1c4503d559bc704d68612630fbc411e"
    },
    {
      "path": "/private/tmp/physics-focused-build-20261007/repo/build/profiles/local-owned/app/editor/scene_editor_wind_setup.d",
      "identity": [
        16777231,
        252221582,
        33188,
        1679,
        1791434550506352269,
        1791434550571380933
      ],
      "sha256": "a1072f913b3425b4f8f5525e1a8d02e4ab4164a01f1a3e89c2dbfa278210ea5d"
    },
    {
      "path": "/private/tmp/physics-focused-build-20261007/repo/build/profiles/local-owned/app/editor/scene_editor_wind_setup.o",
      "identity": [
        16777231,
        252221580,
        33188,
        25648,
        1791434550506137020,
        1791434550571525766
      ],
      "sha256": "08ef584fdd753c9b8d9b80e0c6747da49347306f6f36feb992901d50dbb5a6ce"
    },
    {
      "path": "/private/tmp/physics-focused-build-20261007/repo/build/profiles/local-owned/app/menu/menu_settings_provider_water.d",
      "identity": [
        16777231,
        252221238,
        33188,
        580,
        1791434546501440879,
        1791434546515788198
      ],
      "sha256": "22fb6aebef638818a6e061c28c0db6e3c67079c88b800f39b4887e43ac45230c"
    },
    {
      "path": "/private/tmp/physics-focused-build-20261007/repo/build/profiles/local-owned/app/menu/menu_settings_provider_water.o",
      "identity": [
        16777231,
        252221235,
        33188,
        4576,
        1791434546501230296,
        1791434546515923073
      ],
      "sha256": "5a8b40890b088ced5ca2c8ece3e8a2e04160190076b54a5db4496fc6604a5e1d"
    },
    {
      "path": "/private/tmp/physics-focused-build-20261007/repo/build/profiles/local-owned/app/physics_sim_app_main.d",
      "identity": [
        16777231,
        252219681,
        33188,
        300,
        1791434543675388153,
        1791434543730278648
      ],
      "sha256": "70b05949d078a648b95e1e28e7ea559ab66c34ea80d8496738f4fc9b2f19d341"
    },
    {
      "path": "/private/tmp/physics-focused-build-20261007/repo/build/profiles/local-owned/app/physics_sim_app_main.o",
      "identity": [
        16777231,
        252219678,
        33188,
        19568,
        1791434543675179279,
        1791434543730419523
      ],
      "sha256": "55b32c2f72e9b62214737bbdb0ec17bc42b8dca93568f148156270df36e1537a"
    },
    {
      "path": "/private/tmp/physics-focused-build-20261007/repo/build/profiles/local-owned/app/physics_sim_cli_helpers.d",
      "identity": [
        16777231,
        252221234,
        33188,
        296,
        1791434546475314230,
        1791434546524509581
      ],
      "sha256": "f5eef7022e98d13fedfa50ea09dd4deb97ba59e2063b95d2897152b4b07a9322"
    },
    {
      "path": "/private/tmp/physics-focused-build-20261007/repo/build/profiles/local-owned/app/physics_sim_cli_helpers.o",
      "identity": [
        16777231,
        252221233,
        33188,
        4512,
        1791434546475106773,
        1791434546524760538
      ],
      "sha256": "5540e2a5b3094ae8fa641ec8a338e321d8bcf49ccbb2eb6c486ae145ed0b2140"
    },
    {
      "path": "/private/tmp/physics-focused-build-20261007/repo/build/profiles/local-owned/app/physics_sim_diagnostic_helpers.d",
      "identity": [
        16777231,
        252219480,
        33188,
        205,
        1791434541506485830,
        1791434541549265498
      ],
      "sha256": "bb1a6f29cecca4e2ac5e97427aa1a12db1749291f93a4d8edc10636d1cb4d5f4"
    },
    {
      "path": "/private/tmp/physics-focused-build-20261007/repo/build/profiles/local-owned/app/physics_sim_diagnostic_helpers.o",
      "identity": [
        16777231,
        252219479,
        33188,
        2728,
        1791434541506264623,
        1791434541549853204
      ],
      "sha256": "595cc85445624afb8b3ffcdb85c4d412948212ff27942a2798e4401ca17208dc"
    },
    {
      "path": "/private/tmp/physics-focused-build-20261007/repo/build/profiles/local-owned/app/physics_sim_file_helpers.d",
      "identity": [
        16777231,
        252221548,
        33188,
        300,
        1791434549991512062,
        1791434550027379673
      ],
      "sha256": "ee2533b767306e6388471d5b22ef6dbc2cc9aa66322b1448d8f3ab5c181955c0"
    },
    {
      "path": "/private/tmp/physics-focused-build-20261007/repo/build/profiles/local-owned/app/physics_sim_file_helpers.o",
      "identity": [
        16777231,
        252221545,
        33188,
        12272,
        1791434549991316730,
        1791434550027529839
      ],
      "sha256": "421455b037b7b9809d7b9a33e211b5a4808b1ac2556220bf91495f360eca7c7a"
    },
    {
      "path": "/private/tmp/physics-focused-build-20261007/repo/build/profiles/local-owned/app/physics_sim_headless_job_bundle.d",
      "identity": [
        16777231,
        252219669,
        33188,
        2099,
        1791434543453892473,
        1791434543488700212
      ],
      "sha256": "beaa7ed962a1667b1ab8a447a4bc450d6510edf7a3ff5ac8f2215f2f36db5123"
    },
    {
      "path": "/private/tmp/physics-focused-build-20261007/repo/build/profiles/local-owned/app/physics_sim_headless_job_bundle.o",
      "identity": [
        16777231,
        252219667,
        33188,
        29976,
        1791434543453607599,
        1791434543488825795
      ],
      "sha256": "1fd05c7d397cf4dbb379c495143011d65f2810bf93555bf01958635ba9c8c8ae"
    },
    {
      "path": "/private/tmp/physics-focused-build-20261007/repo/build/profiles/local-owned/app/physics_sim_job_runner.d",
      "identity": [
        16777231,
        252219670,
        33188,
        1984,
        1791434543467810293,
        1791434543521728959
      ],
      "sha256": "c81cd38a11b462dca785c6642281a2e1a11c1317a280698a64f5238877a404eb"
    },
    {
      "path": "/private/tmp/physics-focused-build-20261007/repo/build/profiles/local-owned/app/physics_sim_job_runner.o",
      "identity": [
        16777231,
        252219668,
        33188,
        41688,
        1791434543467355962,
        1791434543521856958
      ],
      "sha256": "2119813c5040f141a28ce4e77f7aefdf7317fbcd859f91642f91820c6a1271cb"
    },
    {
      "path": "/private/tmp/physics-focused-build-20261007/repo/build/profiles/local-owned/app/physics_sim_job_runner_paths.d",
      "identity": [
        16777231,
        252219485,
        33188,
        2261,
        1791434541556817260,
        1791434541603059455
      ],
      "sha256": "d0195d015025d8df4bb5eff2e1b0e2c3f5d8135d66c1210a98eb2a411eb4d000"
    },
    {
      "path": "/private/tmp/physics-focused-build-20261007/repo/build/profiles/local-owned/app/physics_sim_job_runner_paths.o",
      "identity": [
        16777231,
        252219481,
        33188,
        19800,
        1791434541556604302,
        1791434541603177705
      ],
      "sha256": "464a0da3562bf3acec727576d4ef7a1bc97e68eebe31405be356074c4fa24dbe"
    },
    {
      "path": "/private/tmp/physics-focused-build-20261007/repo/build/profiles/local-owned/app/physics_sim_job_runner_status.d",
      "identity": [
        16777231,
        252219613,
        33188,
        2002,
        1791434542201395964,
        1791434542229524354
      ],
      "sha256": "fda01ea4225260a2a86922537f07f9d2f9e37d32f6b0d1a392771840d9b0dd06"
    },
    {
      "path": "/private/tmp/physics-focused-build-20261007/repo/build/profiles/local-owned/app/physics_sim_job_runner_status.o",
      "identity": [
        16777231,
        252219610,
        33188,
        36272,
        1791434542200721758,
        1791434542229671271
      ],
      "sha256": "7ca7409baf9b3b12427d97a8543b88005d72dd0cca74fe723d51314d36c1cff5"
    },
    {
      "path": "/private/tmp/physics-focused-build-20261007/repo/build/profiles/local-owned/app/physics_sim_json_helpers.d",
      "identity": [
        16777231,
        252219467,
        33188,
        181,
        1791434541183217878,
        1791434541218327075
      ],
      "sha256": "4c99700ae6c413463d1a3c69aa2d520a98cfc60e99984b26e8863e7206e74856"
    },
    {
      "path": "/private/tmp/physics-focused-build-20261007/repo/build/profiles/local-owned/app/physics_sim_json_helpers.o",
      "identity": [
        16777231,
        252219466,
        33188,
        5048,
        1791434541182810046,
        1791434541218454866
      ],
      "sha256": "af499f7f755b84cddfc305a568e92c52d615fd924fc56959a8c61ca86887ac2f"
    },
    {
      "path": "/private/tmp/physics-focused-build-20261007/repo/build/profiles/local-owned/app/platform/physics_sim_file_picker.d",
      "identity": [
        16777231,
        252219606,
        33188,
        324,
        1791434542049923677,
        1791434542066244947
      ],
      "sha256": "51d28ef4374b4b444433d40580de1ad563a40cb052321036fca5f3e384220315"
    },
    {
      "path": "/private/tmp/physics-focused-build-20261007/repo/build/profiles/local-owned/app/platform/physics_sim_file_picker.o",
      "identity": [
        16777231,
        252219602,
        33188,
        10104,
        1791434542049641595,
        1791434542066403238
      ],
      "sha256": "17a69e4fbcab4b66899b503a078bf75ff3ac70e8b7dcc3eaa6e4b573f5e7eef6"
    },
    {
      "path": "/private/tmp/physics-focused-build-20261007/repo/build/profiles/local-owned/app/platform/physics_sim_path_opener.d",
      "identity": [
        16777231,
        252219496,
        33188,
        324,
        1791434541811703353,
        1791434541861600826
      ],
      "sha256": "10468a4fd3f620ba3c9bbeaf29df8d57accac6ff403bba97706c989c580b3279"
    },
    {
      "path": "/private/tmp/physics-focused-build-20261007/repo/build/profiles/local-owned/app/platform/physics_sim_path_opener.o",
      "identity": [
        16777231,
        252219495,
        33188,
        6960,
        1791434541811500395,
        1791434541861850075
      ],
      "sha256": "764c6e1e7ce3eee190eca0ec1a184881dce0b2663e975838f3a0147093fdaf15"
    },
    {
      "path": "/private/tmp/physics-focused-build-20261007/repo/build/profiles/local-owned/app/preset_io.d",
      "identity": [
        16777231,
        252219697,
        33188,
        653,
        1791434544065494429,
        1791434544126118402
      ],
      "sha256": "2166007a8af6554cff2cc830a22be528833a13df5aca52d8f84a8e98dd9b42c4"
    },
    {
      "path": "/private/tmp/physics-focused-build-20261007/repo/build/profiles/local-owned/app/preset_io.o",
      "identity": [
        16777231,
        252219694,
        33188,
        56232,
        1791434544065246847,
        1791434544126244026
      ],
      "sha256": "4300f3264411190618051dc4c77ac7fa97dc97f6ee02051e42f63a694c1b7eac"
    },
    {
      "path": "/private/tmp/physics-focused-build-20261007/repo/build/profiles/local-owned/app/preset_io_library.d",
      "identity": [
        16777231,
        252221206,
        33188,
        437,
        1791434545948903652,
        1791434546004436186
      ],
      "sha256": "b99099e4f5f061392806ab426bf113856a6bb435b7e1a8e0f4ad90bdce0b8cf5"
    },
    {
      "path": "/private/tmp/physics-focused-build-20261007/repo/build/profiles/local-owned/app/preset_io_library.o",
      "identity": [
        16777231,
        252221199,
        33188,
        13200,
        1791434545948652153,
        1791434546004574060
      ],
      "sha256": "609fb60ab5915ee34e110411169ccc84745cc9567ce9c77f7557d1a5e3801e6c"
    },
    {
      "path": "/private/tmp/physics-focused-build-20261007/repo/build/profiles/local-owned/app/preset_io_save.d",
      "identity": [
        16777231,
        252219631,
        33188,
        427,
        1791434542496403234,
        1791434542550972980
      ],
      "sha256": "a040eeedf01aa8a6ae167afa63300707434474e5af2fcae6765e8acdb458ff6d"
    },
    {
      "path": "/private/tmp/physics-focused-build-20261007/repo/build/profiles/local-owned/app/preset_io_save.o",
      "identity": [
        16777231,
        252219630,
        33188,
        18200,
        1791434542496192401,
        1791434542551176396
      ],
      "sha256": "a890d8607ae63e0d6340695ffc98da391bb8766f20904949747dd95ab48d333e"
    },
    {
      "path": "/private/tmp/physics-focused-build-20261007/repo/build/profiles/local-owned/app/quality_profiles.d",
      "identity": [
        16777231,
        252221443,
        33188,
        319,
        1791434548466767989,
        1791434548481254016
      ],
      "sha256": "d2e9641595b3e0883e78dcf54941484d6520f2c92b30d4880a57f6055ed6c5c0"
    },
    {
      "path": "/private/tmp/physics-focused-build-20261007/repo/build/profiles/local-owned/app/quality_profiles.o",
      "identity": [
        16777231,
        252221442,
        33188,
        11336,
        1791434548466451949,
        1791434548481386016
      ],
      "sha256": "7b24ad4252e16b38d1ace099d597c2283aa3dbe2f634d4aea9490945e3fa74be"
    },
    {
      "path": "/private/tmp/physics-focused-build-20261007/repo/build/profiles/local-owned/app/scene_apply.d",
      "identity": [
        16777231,
        252219685,
        33188,
        7518,
        1791434543748561161,
        1791434543836436444
      ],
      "sha256": "074a98ed96eb6311f826c0ffa1c108595a1e7c23d4e4bed6869ff398b5effab9"
    },
    {
      "path": "/private/tmp/physics-focused-build-20261007/repo/build/profiles/local-owned/app/scene_apply.o",
      "identity": [
        16777231,
        252219676,
        33188,
        37080,
        1791434543747248291,
        1791434543836557319
      ],
      "sha256": "4153922bce86a02c94960b6af878666026fefff6261a9fefffd08128fff2ebee"
    },
    {
      "path": "/private/tmp/physics-focused-build-20261007/repo/build/profiles/local-owned/app/scene_controller.d",
      "identity": [
        16777231,
        252219659,
        33188,
        9218,
        1791434543137993200,
        1791434543230483007
      ],
      "sha256": "503514a3f49fabf7e16468f17be35025c6d71488a080bb8944f108f7d5a1050d"
    },
    {
      "path": "/private/tmp/physics-focused-build-20261007/repo/build/profiles/local-owned/app/scene_controller.o",
      "identity": [
        16777231,
        252219646,
        33188,
        114536,
        1791434543137711493,
        1791434543230617340
      ],
      "sha256": "79cbbfc59cc31051db72c4cffd8aedb957004d7b7b9fbc969333d41415dcf563"
    },
    {
      "path": "/private/tmp/physics-focused-build-20261007/repo/build/profiles/local-owned/app/scene_controller_stroke_sampler.d",
      "identity": [
        16777231,
        252219317,
        33188,
        7582,
        1791434539115575327,
        1791434539172591980
      ],
      "sha256": "b3d6a36cd640e17994494cb65c9e474632e94588febc5e147b3ea62c18514656"
    },
    {
      "path": "/private/tmp/physics-focused-build-20261007/repo/build/profiles/local-owned/app/scene_controller_stroke_sampler.o",
      "identity": [
        16777231,
        252219313,
        33188,
        40408,
        1791434539114835996,
        1791434539172728230
      ],
      "sha256": "3f126b778ffb7b0d661a4d26312c8a7ff4bd8dbda19c2eae22fbfb66d4a4eb89"
    },
    {
      "path": "/private/tmp/physics-focused-build-20261007/repo/build/profiles/local-owned/app/scene_controller_util.d",
      "identity": [
        16777231,
        252221384,
        33188,
        7558,
        1791434546938305139,
        1791434547004291049
      ],
      "sha256": "d43ce05a89ab9e030bafa8cad984fc7f3d1128f372c7fde8873bc94b4a253a56"
    },
    {
      "path": "/private/tmp/physics-focused-build-20261007/repo/build/profiles/local-owned/app/scene_controller_util.o",
      "identity": [
        16777231,
        252221299,
        33188,
        38768,
        1791434546938071765,
        1791434547004452382
      ],
      "sha256": "0b4cd96ec13f57405a354c817fd942daa4cdfc36aca888ad99275bba386308e5"
    },
    {
      "path": "/private/tmp/physics-focused-build-20261007/repo/build/profiles/local-owned/app/scene_core_sim_runtime_step.d",
      "identity": [
        16777231,
        252221420,
        33188,
        8094,
        1791434547852792459,
        1791434547944214979
      ],
      "sha256": "ce179dcaea3d2f1d6f84516f068716bc957fc1e0f6c66c4c41443eb01146f093"
    },
    {
      "path": "/private/tmp/physics-focused-build-20261007/repo/build/profiles/local-owned/app/scene_core_sim_runtime_step.o",
      "identity": [
        16777231,
        252221409,
        33188,
        51080,
        1791434547852432627,
        1791434547944324812
      ],
      "sha256": "996cb3e40fca1af3222d98e867b21eecb0b3fa41fa8a11330f96ed28e3cdeb04"
    },
    {
      "path": "/private/tmp/physics-focused-build-20261007/repo/build/profiles/local-owned/app/scene_imports.d",
      "identity": [
        16777231,
        252221513,
        33188,
        7721,
        1791434549422361067,
        1791434549483403163
      ],
      "sha256": "25661b1c2c8dec040324952c56cef73ecbb07943c465b84ca6ac6b502bfd05dc"
    },
    {
      "path": "/private/tmp/physics-focused-build-20261007/repo/build/profiles/local-owned/app/scene_imports.o",
      "identity": [
        16777231,
        252221488,
        33188,
        41488,
        1791434549422035026,
        1791434549483514954
      ],
      "sha256": "ce56d5839d1a21ae686bc1f9535a4df05aa46f63b598310af3fde8b68b046fd1"
    },
    {
      "path": "/private/tmp/physics-focused-build-20261007/repo/build/profiles/local-owned/app/scene_loop_diag.d",
      "identity": [
        16777231,
        252221391,
        33188,
        260,
        1791434547089412385,
        1791434547145136627
      ],
      "sha256": "f0747a8ece87b6128ae48ac8d7850b67c78a6048eef063d023a6257b26beab44"
    },
    {
      "path": "/private/tmp/physics-focused-build-20261007/repo/build/profiles/local-owned/app/scene_loop_diag.o",
      "identity": [
        16777231,
        252221389,
        33188,
        7776,
        1791434547089223219,
        1791434547145275043
      ],
      "sha256": "02e37f263ba3ddf8fb088e914b9c6f2913f9bf0920d18866386e49b914bef0ac"
    },
    {
      "path": "/private/tmp/physics-focused-build-20261007/repo/build/profiles/local-owned/app/scene_loop_policy.d",
      "identity": [
        16777231,
        252219322,
        33188,
        268,
        1791434539186345135,
        1791434539218327802
      ],
      "sha256": "b18145ff00db8cff0f9db3ba54c29eb9def41403e66c09ebda4770a51ff11303"
    },
    {
      "path": "/private/tmp/physics-focused-build-20261007/repo/build/profiles/local-owned/app/scene_loop_policy.o",
      "identity": [
        16777231,
        252219319,
        33188,
        4176,
        1791434539186097886,
        1791434539218453343
      ],
      "sha256": "b19a3145206a26813d705e5179c1557ac03d90313b138db9c154212d37ec77f8"
    },
    {
      "path": "/private/tmp/physics-focused-build-20261007/repo/build/profiles/local-owned/app/scene_masks.d",
      "identity": [
        16777231,
        252221630,
        33188,
        7518,
        1791434551326114499,
        1791434551411740625
      ],
      "sha256": "74915314a441ed901f10a089c9c1dc9be42a17165be17497ebd92ecba6effb8e"
    },
    {
      "path": "/private/tmp/physics-focused-build-20261007/repo/build/profiles/local-owned/app/scene_masks.o",
      "identity": [
        16777231,
        252221617,
        33188,
        37688,
        1791434551325875500,
        1791434551411862291
      ],
      "sha256": "06c7dd8c19d44142ed042910146a382e30648c7d6cbe2f6828f91878b534cc4b"
    },
    {
      "path": "/private/tmp/physics-focused-build-20261007/repo/build/profiles/local-owned/app/scene_objects.d",
      "identity": [
        16777231,
        252221579,
        33188,
        7526,
        1791434550456341797,
        1791434550528913015
      ],
      "sha256": "da3701be6879cc7eaa205d2c54bd501b6530fb5c15b68e66ddff9cfbdb231fc9"
    },
    {
      "path": "/private/tmp/physics-focused-build-20261007/repo/build/profiles/local-owned/app/scene_objects.o",
      "identity": [
        16777231,
        252221555,
        33188,
        41744,
        1791434550455975048,
        1791434550529027097
      ],
      "sha256": "6c9415e1fff4e5b573f58c88e0c425e67d722e974c3f5663c81409d3976331ae"
    },
    {
      "path": "/private/tmp/physics-focused-build-20261007/repo/build/profiles/local-owned/app/scene_presets.d",
      "identity": [
        16777231,
        252221211,
        33188,
        317,
        1791434545975233549,
        1791434546027390805
      ],
      "sha256": "853de72945c3a9760a0645b9208d709cc78a46e4c0bfeb20ba556f043d366a35"
    },
    {
      "path": "/private/tmp/physics-focused-build-20261007/repo/build/profiles/local-owned/app/scene_presets.o",
      "identity": [
        16777231,
        252221207,
        33188,
        952968,
        1791434545974876759,
        1791434546027504513
      ],
      "sha256": "3a157db63ba84888c84cbba04ae0b1b0afe1f20e86a82d45d1b62a7da1fe75bc"
    },
    {
      "path": "/private/tmp/physics-focused-build-20261007/repo/build/profiles/local-owned/app/scene_project_cache_output.d",
      "identity": [
        16777231,
        252221390,
        33188,
        391,
        1791434547087670309,
        1791434547132127594
      ],
      "sha256": "f9105a0c404d120109c4aaac8885cc709e40b49a6ddbd0bf7c5f04a4a6f8c818"
    },
    {
      "path": "/private/tmp/physics-focused-build-20261007/repo/build/profiles/local-owned/app/scene_project_cache_output.o",
      "identity": [
        16777231,
        252221387,
        33188,
        50984,
        1791434547087410768,
        1791434547132294843
      ],
      "sha256": "420f86f220c57e76e8fb6037277e4e82b2ad20877606cef12097847dbc4e6df1"
    },
    {
      "path": "/private/tmp/physics-focused-build-20261007/repo/build/profiles/local-owned/app/scene_runtime_launch_projection.d",
      "identity": [
        16777231,
        252219453,
        33188,
        7813,
        1791434540940805653,
        1791434540994065655
      ],
      "sha256": "ac6acecdb8f86742426e922077046a99edda67d8e273dbf9e5a9c29b3cb73574"
    },
    {
      "path": "/private/tmp/physics-focused-build-20261007/repo/build/profiles/local-owned/app/scene_runtime_launch_projection.o",
      "identity": [
        16777231,
        252219439,
        33188,
        12944,
        1791434540940438530,
        1791434540994191779
      ],
      "sha256": "1280ff26572a85e52c7edf9cfb7f5b96e55686e6a171ec2ea8bf642ba81a0ed9"
    },
    {
      "path": "/private/tmp/physics-focused-build-20261007/repo/build/profiles/local-owned/app/scene_state.d",
      "identity": [
        16777231,
        252219645,
        33188,
        7636,
        1791434542872622605,
        1791434542929390344
      ],
      "sha256": "ce97627dd9af254158d0aa7d4f0d660c43bab42fde9b15f8fa7521a59781a320"
    },
    {
      "path": "/private/tmp/physics-focused-build-20261007/repo/build/profiles/local-owned/app/scene_state.o",
      "identity": [
        16777231,
        252219639,
        33188,
        44776,
        1791434542870480405,
        1791434542929517885
      ],
      "sha256": "058f9fee0df1cd669cea2df0a3cb58c4801f9ca4690845133fb19790f332aeb8"
    },
    {
      "path": "/private/tmp/physics-focused-build-20261007/repo/build/profiles/local-owned/app/session_observation.d",
      "identity": [
        16777231,
        252219364,
        33188,
        9243,
        1791434539972744998,
        1791434540028797780
      ],
      "sha256": "c3a1446945ead6ae7504a37348da330762a2189cc8dcb510b1acec81a52ea148"
    },
    {
      "path": "/private/tmp/physics-focused-build-20261007/repo/build/profiles/local-owned/app/session_observation.o",
      "identity": [
        16777231,
        252219349,
        33188,
        64152,
        1791434539972473374,
        1791434540028927154
      ],
      "sha256": "483b827d3e0bb93bde344639f77be5c8456588fb0c48105e33dcdc1f00272a9e"
    },
    {
      "path": "/private/tmp/physics-focused-build-20261007/repo/build/profiles/local-owned/app/shape_lookup.d",
      "identity": [
        16777231,
        252221505,
        33188,
        898,
        1791434549272635690,
        1791434549287832298
      ],
      "sha256": "5749fa4093e1863761b49ab3400db09a48fe02d8b5913164cb59c97cdfb01341"
    },
    {
      "path": "/private/tmp/physics-focused-build-20261007/repo/build/profiles/local-owned/app/shape_lookup.o",
      "identity": [
        16777231,
        252221504,
        33188,
        5384,
        1791434549272118859,
        1791434549287989256
      ],
      "sha256": "acb75eca199d562fe55931303ac8fbd5c88cd88d3a11a6dbf72522b2de1c6bcd"
    },
    {
      "path": "/private/tmp/physics-focused-build-20261007/repo/build/profiles/local-owned/app/sim_modes/sim_mode_atmospheric.d",
      "identity": [
        16777231,
        252221455,
        33188,
        7592,
        1791434548644382340,
        1791434548741526838
      ],
      "sha256": "0cefc5d01ec6383f79775cb501bfc0a35435bf287985c49095a3efe5c623b3b0"
    },
    {
      "path": "/private/tmp/physics-focused-build-20261007/repo/build/profiles/local-owned/app/sim_modes/sim_mode_atmospheric.o",
      "identity": [
        16777231,
        252221444,
        33188,
        37368,
        1791434548644086050,
        1791434548741675795
      ],
      "sha256": "927487638059743fc0d9232a4bddefdcf2de64b3e389a6362fb24abbaf3dc0d5"
    },
    {
      "path": "/private/tmp/physics-focused-build-20261007/repo/build/profiles/local-owned/app/sim_modes/sim_mode_box.d",
      "identity": [
        16777231,
        252221423,
        33188,
        7487,
        1791434547920203406,
        1791434547967146181
      ],
      "sha256": "53468fd0f25c68b239e9aa9b7a0c9a2a0472f49854020a72f8dc22fad987c06d"
    },
    {
      "path": "/private/tmp/physics-focused-build-20261007/repo/build/profiles/local-owned/app/sim_modes/sim_mode_box.o",
      "identity": [
        16777231,
        252221415,
        33188,
        36816,
        1791434547919904615,
        1791434547967294097
      ],
      "sha256": "df53843f7bacf8858e53e796fce52170601e19747dcca1e1cf64b0277998481e"
    },
    {
      "path": "/private/tmp/physics-focused-build-20261007/repo/build/profiles/local-owned/app/sim_modes/sim_mode_dispatch.d",
      "identity": [
        16777231,
        252221411,
        33188,
        649,
        1791434547642130611,
        1791434547668018803
      ],
      "sha256": "0ca10075f0ddc5911f996810ca13b72f3a1ba3ae7e7c488eadba5fd468a0a6ee"
    },
    {
      "path": "/private/tmp/physics-focused-build-20261007/repo/build/profiles/local-owned/app/sim_modes/sim_mode_dispatch.o",
      "identity": [
        16777231,
        252221410,
        33188,
        14296,
        1791434547641609030,
        1791434547668240802
      ],
      "sha256": "51f66fd91a08277822aaea5adffed740e3598322298eb09a65c47f1f807559e1"
    },
    {
      "path": "/private/tmp/physics-focused-build-20261007/repo/build/profiles/local-owned/app/sim_modes/sim_mode_water.d",
      "identity": [
        16777231,
        252221449,
        33188,
        7684,
        1791434548605912656,
        1791434548673915434
      ],
      "sha256": "cf8daf28c0751b9736e376604f77e2105b88d5efbdbba9c5829d6f4fe8e3f1da"
    },
    {
      "path": "/private/tmp/physics-focused-build-20261007/repo/build/profiles/local-owned/app/sim_modes/sim_mode_water.o",
      "identity": [
        16777231,
        252221437,
        33188,
        40824,
        1791434548605664366,
        1791434548674035517
      ],
      "sha256": "4b2a9c9d079d57d16199e99cc42cf1e93d6e1fa18d8df76712250cbfb920eb86"
    },
    {
      "path": "/private/tmp/physics-focused-build-20261007/repo/build/profiles/local-owned/app/sim_modes/sim_mode_wind.d",
      "identity": [
        16777231,
        252221447,
        33188,
        7489,
        1791434548529533537,
        1791434548608321522
      ],
      "sha256": "eeef5b2e5fab164597b4f0789a279397bbfaf06caf51481a7f3897ce6a16875e"
    },
    {
      "path": "/private/tmp/physics-focused-build-20261007/repo/build/profiles/local-owned/app/sim_modes/sim_mode_wind.o",
      "identity": [
        16777231,
        252221434,
        33188,
        41504,
        1791434548529217746,
        1791434548608434772
      ],
      "sha256": "464ed0dcd7810ec20f11a63adc879cff7117b06d36dc05a09c7b0405f9324684"
    },
    {
      "path": "/private/tmp/physics-focused-build-20261007/repo/build/profiles/local-owned/app/sim_runtime_3d_anchor.d",
      "identity": [
        16777231,
        252219425,
        33188,
        7702,
        1791434540644114723,
        1791434540704302864
      ],
      "sha256": "771d894be0462a6ebf635e265640c899f5a2b847ce186aaf46f1dfb39c901114"
    },
    {
      "path": "/private/tmp/physics-focused-build-20261007/repo/build/profiles/local-owned/app/sim_runtime_3d_anchor.o",
      "identity": [
        16777231,
        252219387,
        33188,
        41960,
        1791434540643815265,
        1791434540704429613
      ],
      "sha256": "9071ee5aa008370f6384bd61e8b10dea800cdc60d999802a8bccd4d681a5347d"
    },
    {
      "path": "/private/tmp/physics-focused-build-20261007/repo/build/profiles/local-owned/app/sim_runtime_3d_brick_store.d",
      "identity": [
        16777231,
        252220688,
        33188,
        558,
        1791434545159936384,
        1791434545208670194
      ],
      "sha256": "275389160549fafe3d34d529556856888b73875081d6cb353713f13f46888f77"
    },
    {
      "path": "/private/tmp/physics-focused-build-20261007/repo/build/profiles/local-owned/app/sim_runtime_3d_brick_store.o",
      "identity": [
        16777231,
        252220623,
        33188,
        39624,
        1791434545159742135,
        1791434545208832777
      ],
      "sha256": "b8f286b428ee0e710798b1b72769ceaa7aa18484f43e802ab4cb43c0d2fb903d"
    },
    {
      "path": "/private/tmp/physics-focused-build-20261007/repo/build/profiles/local-owned/app/sim_runtime_3d_domain.d",
      "identity": [
        16777231,
        252219647,
        33188,
        1554,
        1791434542913891945,
        1791434542961127846
      ],
      "sha256": "67441fa2f10e5fcaab823bd6ba748aed0689d1c18547caab19eaf90d0130b405"
    },
    {
      "path": "/private/tmp/physics-focused-build-20261007/repo/build/profiles/local-owned/app/sim_runtime_3d_domain.o",
      "identity": [
        16777231,
        252219644,
        33188,
        38704,
        1791434542913714862,
        1791434542961250137
      ],
      "sha256": "3951618ac10cebc336bdba57e43e35f6c1b38d7907804a4b3ca01d9b10f144ed"
    },
    {
      "path": "/private/tmp/physics-focused-build-20261007/repo/build/profiles/local-owned/app/sim_runtime_3d_footprint.d",
      "identity": [
        16777231,
        252219390,
        33188,
        550,
        1791434540515529972,
        1791434540569766928
      ],
      "sha256": "1adee49a4d3edf6282abcdc9a0f62670578d93479e3f7ce3623783d70a32030b"
    },
    {
      "path": "/private/tmp/physics-focused-build-20261007/repo/build/profiles/local-owned/app/sim_runtime_3d_footprint.o",
      "identity": [
        16777231,
        252219389,
        33188,
        10808,
        1791434540515248682,
        1791434540569890511
      ],
      "sha256": "81c6a675afa168d6ab6472af173e0d885e449f1e388effe4119a35db14a0bb2f"
    },
    {
      "path": "/private/tmp/physics-focused-build-20261007/repo/build/profiles/local-owned/app/sim_runtime_3d_solver.d",
      "identity": [
        16777231,
        252219623,
        33188,
        673,
        1791434542348249685,
        1791434542399956942
      ],
      "sha256": "f03def7fbbb458c33a8044990bea49ad3967c17a673e5ae461ded5029502a102"
    },
    {
      "path": "/private/tmp/physics-focused-build-20261007/repo/build/profiles/local-owned/app/sim_runtime_3d_solver.o",
      "identity": [
        16777231,
        252219621,
        33188,
        11512,
        1791434542347824978,
        1791434542400203691
      ],
      "sha256": "a0d18cdae1d4c89d637e5c9b26ab6eb8a6bebade46507402b9f31e596f41869d"
    },
    {
      "path": "/private/tmp/physics-focused-build-20261007/repo/build/profiles/local-owned/app/sim_runtime_3d_solver_core_sim.d",
      "identity": [
        16777231,
        252221575,
        33188,
        917,
        1791434550420083521,
        1791434550443256973
      ],
      "sha256": "9bd781cc9397e15f6b05c6350008b7fdeed5cfc4cf69f15ecf59e68dbad14d27"
    },
    {
      "path": "/private/tmp/physics-focused-build-20261007/repo/build/profiles/local-owned/app/sim_runtime_3d_solver_core_sim.o",
      "identity": [
        16777231,
        252221574,
        33188,
        13776,
        1791434550419864647,
        1791434550443393889
      ],
      "sha256": "5807cbe959fcb0fd51d9e12331d72e41f0f61e394f3ee77d8baeff0e2162fc4f"
    },
    {
      "path": "/private/tmp/physics-focused-build-20261007/repo/build/profiles/local-owned/app/sim_runtime_3d_solver_step.d",
      "identity": [
        16777231,
        252219497,
        33188,
        687,
        1791434541812558933,
        1791434541854616019
      ],
      "sha256": "8107da37695661a6cc074840bf5b92be2bd411e75b6ec28cbd6c001b563fde8f"
    },
    {
      "path": "/private/tmp/physics-focused-build-20261007/repo/build/profiles/local-owned/app/sim_runtime_3d_solver_step.o",
      "identity": [
        16777231,
        252219494,
        33188,
        38792,
        1791434541812366684,
        1791434541854757436
      ],
      "sha256": "4ad70d3dea3abfaacd6bffc008b659e16b20a60d8f1e1677cb0f364241bd0bd8"
    },
    {
      "path": "/private/tmp/physics-focused-build-20261007/repo/build/profiles/local-owned/app/sim_runtime_3d_space.d",
      "identity": [
        16777231,
        252221198,
        33188,
        534,
        1791434545876492474,
        1791434545921168300
      ],
      "sha256": "d6f53e619bf09f302bb0c2edeb206127367bb34048debcd11093eaf891d1a33a"
    },
    {
      "path": "/private/tmp/physics-focused-build-20261007/repo/build/profiles/local-owned/app/sim_runtime_3d_space.o",
      "identity": [
        16777231,
        252221196,
        33188,
        6896,
        1791434545876286516,
        1791434545921303050
      ],
      "sha256": "1fb7920d708e572c2bed7e42350a19abc211b2339a08e01a6e455eea378f9aed"
    },
    {
      "path": "/private/tmp/physics-focused-build-20261007/repo/build/profiles/local-owned/app/sim_runtime_backend.d",
      "identity": [
        16777231,
        252219340,
        33188,
        6301,
        1791434539561730218,
        1791434539642559904
      ],
      "sha256": "208c4f2a28a51ebe9cb7e94a3f75fe1891c321d5e230fe6b4df2be660130eac6"
    },
    {
      "path": "/private/tmp/physics-focused-build-20261007/repo/build/profiles/local-owned/app/sim_runtime_backend.o",
      "identity": [
        16777231,
        252219329,
        33188,
        45896,
        1791434539561407761,
        1791434539642697945
      ],
      "sha256": "5744fb70fc190062d4424aad392f117d4bfc4a0792dce8c9e74e0ef8dca6fcaf"
    },
    {
      "path": "/private/tmp/physics-focused-build-20261007/repo/build/profiles/local-owned/app/sim_runtime_backend_2d.d",
      "identity": [
        16777231,
        252221226,
        33188,
        8214,
        1791434546176561933,
        1791434546261529437
      ],
      "sha256": "b16e93a74ffc3ce557e51d91545f6df9ee58d6930f4972bcecc12680277eae0f"
    },
    {
      "path": "/private/tmp/physics-focused-build-20261007/repo/build/profiles/local-owned/app/sim_runtime_backend_2d.o",
      "identity": [
        16777231,
        252221194,
        33188,
        80088,
        1791434546176265810,
        1791434546261655561
      ],
      "sha256": "016efb960d3a0581d7eb5e19fbf37b124a47539b26cb57d35650fa09a43075ab"
    },
    {
      "path": "/private/tmp/physics-focused-build-20261007/repo/build/profiles/local-owned/app/sim_runtime_backend_2d_runtime_fields.d",
      "identity": [
        16777231,
        252219328,
        33188,
        7864,
        1791434539354640190,
        1791434539433705549
      ],
      "sha256": "b4a6b4dc447aa5d31fde61a8f6e93e4aba502be6b74b81b5b7f13d02ca66f73a"
    },
    {
      "path": "/private/tmp/physics-focused-build-20261007/repo/build/profiles/local-owned/app/sim_runtime_backend_2d_runtime_fields.o",
      "identity": [
        16777231,
        252219318,
        33188,
        71376,
        1791434539354391649,
        1791434539433843673
      ],
      "sha256": "bb4192a384898d19c4c8e97f7f1352ee10330a6eb041dbac4ca4748800fa82a9"
    },
    {
      "path": "/private/tmp/physics-focused-build-20261007/repo/build/profiles/local-owned/app/sim_runtime_backend_3d_emitter_shapes.d",
      "identity": [
        16777231,
        252221586,
        33188,
        8019,
        1791434550546473571,
        1791434550601386149
      ],
      "sha256": "e261a5b2a771c7ff16b1b8b43e4538a98a64920ba6198c89926ff5af54b2aa1b"
    },
    {
      "path": "/private/tmp/physics-focused-build-20261007/repo/build/profiles/local-owned/app/sim_runtime_backend_3d_emitter_shapes.o",
      "identity": [
        16777231,
        252221560,
        33188,
        53216,
        1791434550546168656,
        1791434550601527024
      ],
      "sha256": "d6994c4ae4aba250c91a0f9a96802d62c240b0775c4e7233710cdb28306505cb"
    },
    {
      "path": "/private/tmp/physics-focused-build-20261007/repo/build/profiles/local-owned/app/sim_runtime_backend_3d_emitters.d",
      "identity": [
        16777231,
        252220068,
        33188,
        8211,
        1791434544530328664,
        1791434544599671103
      ],
      "sha256": "22fa0193484f168db07922827c378d4d09b59b064a7bb58475f4962b4da0f660"
    },
    {
      "path": "/private/tmp/physics-focused-build-20261007/repo/build/profiles/local-owned/app/sim_runtime_backend_3d_emitters.o",
      "identity": [
        16777231,
        252219700,
        33188,
        84264,
        1791434544529985415,
        1791434544599971185
      ],
      "sha256": "ce3ff87b5f1b7d1cd05dbf93d36b1f6cbf1f0446227ceb99c5cb30836d9b2a14"
    },
    {
      "path": "/private/tmp/physics-focused-build-20261007/repo/build/profiles/local-owned/app/sim_runtime_backend_3d_mesh_obstacle_proxy.d",
      "identity": [
        16777231,
        252220885,
        33188,
        7974,
        1791434545351451223,
        1791434545446628853
      ],
      "sha256": "6c0f43c6c93a01559a6daaa9b8066d68118d5adc76da4ace2d8ef0c9ff947dfa"
    },
    {
      "path": "/private/tmp/physics-focused-build-20261007/repo/build/profiles/local-owned/app/sim_runtime_backend_3d_mesh_obstacle_proxy.o",
      "identity": [
        16777231,
        252220684,
        33188,
        44416,
        1791434545351195099,
        1791434545446774894
      ],
      "sha256": "e92c9eb064c7b5bdaba25a3dbd329c9c016a139e3994e2791404064cb96d1c21"
    },
    {
      "path": "/private/tmp/physics-focused-build-20261007/repo/build/profiles/local-owned/app/sim_runtime_backend_3d_obstacle_sources.d",
      "identity": [
        16777231,
        252221416,
        33188,
        8031,
        1791434547755215922,
        1791434547829973423
      ],
      "sha256": "bec06ed397d3c01c57611102012bfa91dbe7980b221f2076a9802082f4acab3c"
    },
    {
      "path": "/private/tmp/physics-focused-build-20261007/repo/build/profiles/local-owned/app/sim_runtime_backend_3d_obstacle_sources.o",
      "identity": [
        16777231,
        252221403,
        33188,
        52824,
        1791434547754883215,
        1791434547830102798
      ],
      "sha256": "4517a62d9e3e57b3adb78f017eed2be51d6c92c8db36cf074b47f1afa2fd062d"
    },
    {
      "path": "/private/tmp/physics-focused-build-20261007/repo/build/profiles/local-owned/app/sim_runtime_backend_3d_obstacles.d",
      "identity": [
        16777231,
        252219359,
        33188,
        7849,
        1791434539947552929,
        1791434540000700056
      ],
      "sha256": "9173b209f895466ede5ba8fd6c4fbc7b1280057ce7083ebdffafd1c5670ad05e"
    },
    {
      "path": "/private/tmp/physics-focused-build-20261007/repo/build/profiles/local-owned/app/sim_runtime_backend_3d_obstacles.o",
      "identity": [
        16777231,
        252219347,
        33188,
        72144,
        1791434539947295096,
        1791434540000856888
      ],
      "sha256": "1a4be79cc9d022bdcdf3cd0ff7229d8960455af38f4d3d2b3d1a78150db869dd"
    },
    {
      "path": "/private/tmp/physics-focused-build-20261007/repo/build/profiles/local-owned/app/sim_runtime_backend_3d_oriented_box.d",
      "identity": [
        16777231,
        252219295,
        33188,
        669,
        1791434538582454689,
        1791434538630080129
      ],
      "sha256": "3b22619418fc4bf281821c9c0bed4b5aa347235d4c3f36caf920932ec6ae7138"
    },
    {
      "path": "/private/tmp/physics-focused-build-20261007/repo/build/profiles/local-owned/app/sim_runtime_backend_3d_oriented_box.o",
      "identity": [
        16777231,
        252219293,
        33188,
        11064,
        1791434538582174940,
        1791434538630243337
      ],
      "sha256": "8b115aec8e030a57195a5d4ac770cc15120e8953490bfe9f82bee7378fe75241"
    },
    {
      "path": "/private/tmp/physics-focused-build-20261007/repo/build/profiles/local-owned/app/sim_runtime_backend_3d_runtime.d",
      "identity": [
        16777231,
        252221639,
        33188,
        8027,
        1791434551469107610,
        1791434551529296084
      ],
      "sha256": "5f7cc8221c129c9453a7d86f4ef2c1fa36a2c19941d5ff155e566fc796ff974b"
    },
    {
      "path": "/private/tmp/physics-focused-build-20261007/repo/build/profiles/local-owned/app/sim_runtime_backend_3d_runtime.o",
      "identity": [
        16777231,
        252221627,
        33188,
        71784,
        1791434551468778444,
        1791434551529430500
      ],
      "sha256": "899749043f8bed2796fb5719910c8c6b3ecff215cea8b9d2671f137f98d33bb0"
    },
    {
      "path": "/private/tmp/physics-focused-build-20261007/repo/build/profiles/local-owned/app/sim_runtime_backend_3d_scaffold.d",
      "identity": [
        16777231,
        252221538,
        33188,
        8128,
        1791434549879215332,
        1791434549973876798
      ],
      "sha256": "75adb42f000103d5caaa46633f97e79b842ccfab4cb918233b3ba7db1c87eec1"
    },
    {
      "path": "/private/tmp/physics-focused-build-20261007/repo/build/profiles/local-owned/app/sim_runtime_backend_3d_scaffold.o",
      "identity": [
        16777231,
        252221511,
        33188,
        76424,
        1791434549878965833,
        1791434549974063380
      ],
      "sha256": "b22bbcfa02dbda9129549a82d1c2763683217f8183a6639731452d7a97b3a552"
    },
    {
      "path": "/private/tmp/physics-focused-build-20261007/repo/build/profiles/local-owned/app/sim_runtime_backend_3d_scaffold_views.d",
      "identity": [
        16777231,
        252219471,
        33188,
        6883,
        1791434541274888689,
        1791434541330369348
      ],
      "sha256": "330ff8805a7386479fbb17be368f66c9ae7a19b5252d74039eded48e6ec25577"
    },
    {
      "path": "/private/tmp/physics-focused-build-20261007/repo/build/profiles/local-owned/app/sim_runtime_backend_3d_scaffold_views.o",
      "identity": [
        16777231,
        252219464,
        33188,
        33032,
        1791434541274628940,
        1791434541330496639
      ],
      "sha256": "de87ff539bad600caa06b57d4ea1d3f21d6c0e5d61010e81357ee47e617e0dcf"
    },
    {
      "path": "/private/tmp/physics-focused-build-20261007/repo/build/profiles/local-owned/app/sim_runtime_backend_3d_wind.d",
      "identity": [
        16777231,
        252221717,
        33188,
        7839,
        1791434552185719699,
        1791434552252535647
      ],
      "sha256": "cfc6149a670be06b8a502d101161aa78af29fb273b0532f4344d44a4d0d659c8"
    },
    {
      "path": "/private/tmp/physics-focused-build-20261007/repo/build/profiles/local-owned/app/sim_runtime_backend_3d_wind.o",
      "identity": [
        16777231,
        252221653,
        33188,
        64824,
        1791434552185458158,
        1791434552252673480
      ],
      "sha256": "563436bb5a7d65ea9aecc93eb5d2f5c23d9193b0d68504368398c9c9fff988e3"
    },
    {
      "path": "/private/tmp/physics-focused-build-20261007/repo/build/profiles/local-owned/app/sim_runtime_emitter.d",
      "identity": [
        16777231,
        252219654,
        33188,
        744,
        1791434543001644730,
        1791434543045703642
      ],
      "sha256": "4fead4ba8e55525397f569f39f6c7b170beab6a4db30f5140b88edcd2c6f584d"
    },
    {
      "path": "/private/tmp/physics-focused-build-20261007/repo/build/profiles/local-owned/app/sim_runtime_emitter.o",
      "identity": [
        16777231,
        252219653,
        33188,
        23576,
        1791434543001363231,
        1791434543045822808
      ],
      "sha256": "481ac1c086feb75618879829fd97918ecbc4f340a4f6f776f7491c5e3b6af54b"
    },
    {
      "path": "/private/tmp/physics-focused-build-20261007/repo/build/profiles/local-owned/app/sim_runtime_mesh_accel.d",
      "identity": [
        16777231,
        252219460,
        33188,
        848,
        1791434541024662202,
        1791434541086829378
      ],
      "sha256": "59df196909f78727f0961be8e9a2b34b3e98225eb6e16d9e1ac138ae8aa4d9b7"
    },
    {
      "path": "/private/tmp/physics-focused-build-20261007/repo/build/profiles/local-owned/app/sim_runtime_mesh_accel.o",
      "identity": [
        16777231,
        252219455,
        33188,
        24552,
        1791434541024429412,
        1791434541086966877
      ],
      "sha256": "929a4faf153ec78df8fff3b53e258eb7e2d7bca06ae9e5a2b854ba6a892848c7"
    },
    {
      "path": "/private/tmp/physics-focused-build-20261007/repo/build/profiles/local-owned/app/sim_runtime_mesh_diagnostics.d",
      "identity": [
        16777231,
        252221379,
        33188,
        1481,
        1791434546872095313,
        1791434546892791108
      ],
      "sha256": "35da8faf61cbd037009cc3434576aac9549fd4f114d74321d3cf5d4fe41dbd9a"
    },
    {
      "path": "/private/tmp/physics-focused-build-20261007/repo/build/profiles/local-owned/app/sim_runtime_mesh_diagnostics.o",
      "identity": [
        16777231,
        252221376,
        33188,
        24344,
        1791434546871772189,
        1791434546892904691
      ],
      "sha256": "88d2a2b2a8690d9b83a6cda2c6ed74188a448c5ccf4e9c5586c59e278f801e48"
    },
    {
      "path": "/private/tmp/physics-focused-build-20261007/repo/build/profiles/local-owned/app/sim_runtime_mesh_obstacle_proxy.d",
      "identity": [
        16777231,
        252219306,
        33188,
        1550,
        1791434538827353155,
        1791434538872340105
      ],
      "sha256": "335522f9eb6b7c7e664fa95661fab325afd8e8a71de88ef83aa0fda04925c109"
    },
    {
      "path": "/private/tmp/physics-focused-build-20261007/repo/build/profiles/local-owned/app/sim_runtime_mesh_obstacle_proxy.o",
      "identity": [
        16777231,
        252219302,
        33188,
        62672,
        1791434538827132697,
        1791434538872460604
      ],
      "sha256": "63d9d75c897764be5e7061ca4736990077ce76698c285083c450f88716ffe7df"
    },
    {
      "path": "/private/tmp/physics-focused-build-20261007/repo/build/profiles/local-owned/app/sim_runtime_obstacle.d",
      "identity": [
        16777231,
        252219385,
        33188,
        530,
        1791434540433809415,
        1791434540484403510
      ],
      "sha256": "0e8cb1dea566628d24e000fa187887c12d8f29eb31be54a5f127f1f9cbdfd743"
    },
    {
      "path": "/private/tmp/physics-focused-build-20261007/repo/build/profiles/local-owned/app/sim_runtime_obstacle.o",
      "identity": [
        16777231,
        252219382,
        33188,
        11872,
        1791434540433024209,
        1791434540484541593
      ],
      "sha256": "96d269ffb9b43edb830f37dfe9b2bdb57dcc2415c4d90b844f624c57ba46ff82"
    },
    {
      "path": "/private/tmp/physics-focused-build-20261007/repo/build/profiles/local-owned/app/space_mode_adapter.d",
      "identity": [
        16777231,
        252219358,
        33188,
        639,
        1791434539929854789,
        1791434539961565083
      ],
      "sha256": "f6d218018beed26aaa6878baad034081e45e49c54466d43302cbc2a378bf20d0"
    },
    {
      "path": "/private/tmp/physics-focused-build-20261007/repo/build/profiles/local-owned/app/space_mode_adapter.o",
      "identity": [
        16777231,
        252219357,
        33188,
        17584,
        1791434539929646290,
        1791434539961709707
      ],
      "sha256": "eb6247bc5bee6b6c2764d2eeafea8142c2eb80d3cc640e7492f549e3b03a4bad"
    },
    {
      "path": "/private/tmp/physics-focused-build-20261007/repo/build/profiles/local-owned/app/water_mode.d",
      "identity": [
        16777231,
        252221621,
        33188,
        417,
        1791434551094638274,
        1791434551107414475
      ],
      "sha256": "05a2da3272b2b40ca7a3ccd66c23f2ef069d492faecfc8a9dc0dceaf91aa4d42"
    },
    {
      "path": "/private/tmp/physics-focused-build-20261007/repo/build/profiles/local-owned/app/water_mode.o",
      "identity": [
        16777231,
        252221615,
        33188,
        19240,
        1791434551094393567,
        1791434551108648886
      ],
      "sha256": "a70b1189895cd20ca170c02f7e5466a2953700e5ed6d6c64ad2ed78fe86a1cee"
    },
    {
      "path": "/private/tmp/physics-focused-build-20261007/repo/build/profiles/local-owned/app/water_object_coupling.d",
      "identity": [
        16777231,
        252220881,
        33188,
        7623,
        1791434545347275156,
        1791434545393280727
      ],
      "sha256": "6bcfdfcd41382afdcd735eb743c10753297bfdb6d68fc23b0bd17f57f18ea60c"
    },
    {
      "path": "/private/tmp/physics-focused-build-20261007/repo/build/profiles/local-owned/app/water_object_coupling.o",
      "identity": [
        16777231,
        252220687,
        33188,
        47216,
        1791434545347037782,
        1791434545393849391
      ],
      "sha256": "258d1ad43ca96fabcd5aa526b7afc1eea6554bbb1ce56ce9b3d4dca09d761e9a"
    },
    {
      "path": "/private/tmp/physics-focused-build-20261007/repo/build/profiles/local-owned/app/wind_tunnel_3d.d",
      "identity": [
        16777231,
        252219625,
        33188,
        311,
        1791434542370970680,
        1791434542412485518
      ],
      "sha256": "bc10f056975392b4213fb4a8e5c02f4c4eef239781de16720212ae2dca9b09f5"
    },
    {
      "path": "/private/tmp/physics-focused-build-20261007/repo/build/profiles/local-owned/app/wind_tunnel_3d.o",
      "identity": [
        16777231,
        252219622,
        33188,
        17928,
        1791434542370769264,
        1791434542412630643
      ],
      "sha256": "9c6bc01d9ac9586edaafb9d7047cbdc9942f05303605486a9dd2319771866caf"
    },
    {
      "path": "/private/tmp/physics-focused-build-20261007/repo/build/profiles/local-owned/app/wind_tunnel_3d_analysis.d",
      "identity": [
        16777231,
        252220210,
        33188,
        6390,
        1791434544587370734,
        1791434544642637145
      ],
      "sha256": "8dd2698d32dd6cdffcd29b8023f7af738a7618b958789df4b2478c4537777381"
    },
    {
      "path": "/private/tmp/physics-focused-build-20261007/repo/build/profiles/local-owned/app/wind_tunnel_3d_analysis.o",
      "identity": [
        16777231,
        252219726,
        33188,
        23656,
        1791434544587156568,
        1791434544642756852
      ],
      "sha256": "de39db5f5d60cdc03a8127d459aa180bb0ecbcf5a4dfabaf5c32d19af923a00d"
    },
    {
      "path": "/private/tmp/physics-focused-build-20261007/repo/build/profiles/local-owned/app/wind_tunnel_3d_inspector.d",
      "identity": [
        16777231,
        252221524,
        33188,
        6394,
        1791434549664617625,
        1791434549742821612
      ],
      "sha256": "7888d5f302a3e4c9b679ea02c0babfcf85a8f38a68cb0d9ee194f2258e1c5824"
    },
    {
      "path": "/private/tmp/physics-focused-build-20261007/repo/build/profiles/local-owned/app/wind_tunnel_3d_inspector.o",
      "identity": [
        16777231,
        252221502,
        33188,
        30720,
        1791434549664400334,
        1791434549742959320
      ],
      "sha256": "97cfedac661648269991e30cddf9e6e82047abcc2d57a343159dc53e53832721"
    },
    {
      "path": "/private/tmp/physics-focused-build-20261007/repo/build/profiles/local-owned/bin/physics_sim_headless",
      "identity": [
        16777231,
        252222893,
        33261,
        2434424,
        1791434566810069281,
        1791434566870895878
      ],
      "sha256": "42e746765224998c9dba35b3c652fcad5e87ef22fb6d5df3270b858a437c6548"
    },
    {
      "path": "/private/tmp/physics-focused-build-20261007/repo/build/profiles/local-owned/command/command_bus.d",
      "identity": [
        16777231,
        252221944,
        33188,
        260,
        1791434553463500021,
        1791434553479628876
      ],
      "sha256": "e40fff0fd596f1ec660cc8f83bdb69228b769081141f698d0f45aebde9668ea1"
    },
    {
      "path": "/private/tmp/physics-focused-build-20261007/repo/build/profiles/local-owned/command/command_bus.o",
      "identity": [
        16777231,
        252221943,
        33188,
        8768,
        1791434553463310314,
        1791434553480616622
      ],
      "sha256": "b3f864eb62168b8be7b044a615653dd77679e5ca0ee6047584c176b0ade2f39f"
    },
    {
      "path": "/private/tmp/physics-focused-build-20261007/repo/build/profiles/local-owned/config/config_loader.d",
      "identity": [
        16777231,
        252221647,
        33188,
        319,
        1791434551607860487,
        1791434551657836335
      ],
      "sha256": "3024f79db504f5f4e0f807992702fd84de08d4ba580682801c0cf71b2ad66f02"
    },
    {
      "path": "/private/tmp/physics-focused-build-20261007/repo/build/profiles/local-owned/config/config_loader.o",
      "identity": [
        16777231,
        252221646,
        33188,
        42016,
        1791434551607587363,
        1791434551658014542
      ],
      "sha256": "7b33040c749d7ad11b73c31214d837229c0d774913add116ad12907eaf38b2e4"
    },
    {
      "path": "/private/tmp/physics-focused-build-20261007/repo/build/profiles/local-owned/core_base/core_base.d",
      "identity": [
        16777231,
        252222493,
        33188,
        363,
        1791434561158909386,
        1791434561216013248
      ],
      "sha256": "87da97848d57509433a865baeda9696e2a76473a1a10cef41f9c314a8232b3b1"
    },
    {
      "path": "/private/tmp/physics-focused-build-20261007/repo/build/profiles/local-owned/core_base/core_base.o",
      "identity": [
        16777231,
        252222492,
        33188,
        7496,
        1791434561158689554,
        1791434561216154414
      ],
      "sha256": "953cc033bb91c0bea012e3a43935fe55dd22cd607ecfe434f9f5a7b644ec6542"
    },
    {
      "path": "/private/tmp/physics-focused-build-20261007/repo/build/profiles/local-owned/core_data/core_data.d",
      "identity": [
        16777231,
        252222509,
        33188,
        494,
        1791434561429426959,
        1791434561440419167
      ],
      "sha256": "8092f8a314f0140c270b254125647685e11a7f1c84ecd6a6a1f0b9eaf84a4ced"
    },
    {
      "path": "/private/tmp/physics-focused-build-20261007/repo/build/profiles/local-owned/core_data/core_data.o",
      "identity": [
        16777231,
        252222507,
        33188,
        32360,
        1791434561429214085,
        1791434561440555374
      ],
      "sha256": "d61ca911cf5bc874523087e400dd7bde9dfc9422818af3217730cdd5ff8fe5cd"
    },
    {
      "path": "/private/tmp/physics-focused-build-20261007/repo/build/profiles/local-owned/core_font/core_font.d",
      "identity": [
        16777231,
        252222711,
        33188,
        494,
        1791434564557705293,
        1791434564585306894
      ],
      "sha256": "b4391ea5b4c499040e376f211d7888cf377e8fd1b92526b9e958b84d35539647"
    },
    {
      "path": "/private/tmp/physics-focused-build-20261007/repo/build/profiles/local-owned/core_font/core_font.o",
      "identity": [
        16777231,
        252222708,
        33188,
        31032,
        1791434564557438669,
        1791434564585427560
      ],
      "sha256": "34164ab4b8a27badbc4f4fb4e57dc24ae09d338819992a57c51538d9b3c89b53"
    },
    {
      "path": "/private/tmp/physics-focused-build-20261007/repo/build/profiles/local-owned/core_headless_job/core_headless_job.d",
      "identity": [
        16777231,
        252222716,
        33188,
        427,
        1791434564712355775,
        1791434564744932939
      ],
      "sha256": "e822bbadf9c5ff47333af43626105f33e051c36ade98f5f93094b5403c18ea4a"
    },
    {
      "path": "/private/tmp/physics-focused-build-20261007/repo/build/profiles/local-owned/core_headless_job/core_headless_job.o",
      "identity": [
        16777231,
        252222715,
        33188,
        9680,
        1791434564712134275,
        1791434564745807853
      ],
      "sha256": "1d29c2deafabe5d511f4dcd56188ad1c4dd767c91b287aa5c57879b9e6327462"
    },
    {
      "path": "/private/tmp/physics-focused-build-20261007/repo/build/profiles/local-owned/core_io/core_io.d",
      "identity": [
        16777231,
        252222508,
        33188,
        478,
        1791434561421050867,
        1791434561459367051
      ],
      "sha256": "8f1da3227d6e9259cc903ac159e914a85b818302fd7ccc87fd93b01d83bde910"
    },
    {
      "path": "/private/tmp/physics-focused-build-20261007/repo/build/profiles/local-owned/core_io/core_io.o",
      "identity": [
        16777231,
        252222506,
        33188,
        18080,
        1791434561420602035,
        1791434561459532217
      ],
      "sha256": "6eff8d986ecde29f6bf193170092cd8e179b50ae380b573a354c5298ac50e3ab"
    },
    {
      "path": "/private/tmp/physics-focused-build-20261007/repo/build/profiles/local-owned/core_mesh_asset/core_mesh_asset.d",
      "identity": [
        16777231,
        252222571,
        33188,
        816,
        1791434562558966233,
        1791434562601128444
      ],
      "sha256": "a1980a254b62be89aea128e830fd5da12f3f65061d7a2e29f968249d62c627dc"
    },
    {
      "path": "/private/tmp/physics-focused-build-20261007/repo/build/profiles/local-owned/core_mesh_asset/core_mesh_asset.o",
      "identity": [
        16777231,
        252222570,
        33188,
        33088,
        1791434562558753151,
        1791434562601265360
      ],
      "sha256": "8496ccab1f47026d81b6054623eb7dd626e3e846eac00015a01e448f161349e6"
    },
    {
      "path": "/private/tmp/physics-focused-build-20261007/repo/build/profiles/local-owned/core_mesh_asset/core_mesh_asset_authoring_document.d",
      "identity": [
        16777231,
        252222579,
        33188,
        1164,
        1791434562654500612,
        1791434562671727961
      ],
      "sha256": "b740367200596337bc2dfd55f07261f47a989f54840563610316bfee9ae91bc4"
    },
    {
      "path": "/private/tmp/physics-focused-build-20261007/repo/build/profiles/local-owned/core_mesh_asset/core_mesh_asset_authoring_document.o",
      "identity": [
        16777231,
        252222573,
        33188,
        56408,
        1791434562654288571,
        1791434562671848794
      ],
      "sha256": "4f6ce144bdde88a97e26a8f9d1774c4d1b86b2270566e978cda4549893a2c2fd"
    },
    {
      "path": "/private/tmp/physics-focused-build-20261007/repo/build/profiles/local-owned/core_mesh_asset/core_mesh_asset_runtime_document.d",
      "identity": [
        16777231,
        252222593,
        33188,
        1160,
        1791434562923524148,
        1791434562975346447
      ],
      "sha256": "82ca4a2461c345ddd88f12cb3ed8a2da098e6154d555d98dda8b01b97a154ec1"
    },
    {
      "path": "/private/tmp/physics-focused-build-20261007/repo/build/profiles/local-owned/core_mesh_asset/core_mesh_asset_runtime_document.o",
      "identity": [
        16777231,
        252222587,
        33188,
        53512,
        1791434562923311399,
        1791434562975472863
      ],
      "sha256": "4f3da9cc916a8825249bba7f6a2833d780b795628d6de0a3346b8adb4d032b14"
    },
    {
      "path": "/private/tmp/physics-focused-build-20261007/repo/build/profiles/local-owned/core_mesh_preview/core_mesh_preview.d",
      "identity": [
        16777231,
        252222596,
        33188,
        1187,
        1791434562965714068,
        1791434562978031686
      ],
      "sha256": "aa583121bb77d21e87fca540e1118022449e5acc1b30b8805350f64516e1cc00"
    },
    {
      "path": "/private/tmp/physics-focused-build-20261007/repo/build/profiles/local-owned/core_mesh_preview/core_mesh_preview.o",
      "identity": [
        16777231,
        252222586,
        33188,
        99592,
        1791434562965518735,
        1791434562978169353
      ],
      "sha256": "df76a53695f622975171ebe58c59161f1e4dc38883792a89af4b05bfd4f57957"
    },
    {
      "path": "/private/tmp/physics-focused-build-20261007/repo/build/profiles/local-owned/core_object/core_object.d",
      "identity": [
        16777231,
        252222606,
        33188,
        510,
        1791434563064661558,
        1791434563116997521
      ],
      "sha256": "ef21c8d97ba841f8b9248d4ef17e621b55085320d8ba5e643d46318f6a4d9c4e"
    },
    {
      "path": "/private/tmp/physics-focused-build-20261007/repo/build/profiles/local-owned/core_object/core_object.o",
      "identity": [
        16777231,
        252222603,
        33188,
        11928,
        1791434563064383726,
        1791434563125884570
      ],
      "sha256": "81f786f061a2c003c045daf1f6c18f38533b877fa3a40c8cff65ff1696ab904a"
    },
    {
      "path": "/private/tmp/physics-focused-build-20261007/repo/build/profiles/local-owned/core_pack/core_pack.d",
      "identity": [
        16777231,
        252222524,
        33188,
        494,
        1791434561692176812,
        1791434561725149267
      ],
      "sha256": "f894e520e99b6407b04de2e6d7530ef03d17edb72b49c28501fa41a3d5b91945"
    },
    {
      "path": "/private/tmp/physics-focused-build-20261007/repo/build/profiles/local-owned/core_pack/core_pack.o",
      "identity": [
        16777231,
        252222523,
        33188,
        48816,
        1791434561691930313,
        1791434561725269809
      ],
      "sha256": "3cd042910df77d949b5500088ff64587cccf0d3504396956619c7f6bb6346eda"
    },
    {
      "path": "/private/tmp/physics-focused-build-20261007/repo/build/profiles/local-owned/core_pack/core_pack_vf2d.d",
      "identity": [
        16777231,
        252222526,
        33188,
        627,
        1791434561725610224,
        1791434561776312568
      ],
      "sha256": "e0accf1ef8b3536f5969b662eb8a01de9cc4f7e0f879104ca16dd7de6ba6e55a"
    },
    {
      "path": "/private/tmp/physics-focused-build-20261007/repo/build/profiles/local-owned/core_pack/core_pack_vf2d.o",
      "identity": [
        16777231,
        252222525,
        33188,
        13512,
        1791434561725384225,
        1791434561776433193
      ],
      "sha256": "bf250f6d7280f1db221751aead6f1fe4a6b00c8127e457cd9f5d8994848c2f3e"
    },
    {
      "path": "/private/tmp/physics-focused-build-20261007/repo/build/profiles/local-owned/core_pack/core_pack_vf3d.d",
      "identity": [
        16777231,
        252222540,
        33188,
        627,
        1791434561965654791,
        1791434561986697876
      ],
      "sha256": "43129f19f54c29ef61250bdc2fa27a6231213fb22f42f96718bff944475bb58e"
    },
    {
      "path": "/private/tmp/physics-focused-build-20261007/repo/build/profiles/local-owned/core_pack/core_pack_vf3d.o",
      "identity": [
        16777231,
        252222539,
        33188,
        14488,
        1791434561965376667,
        1791434561986824709
      ],
      "sha256": "44e11b93593dacaf8b29f24be90e4c618391b545da7bae7d53b963b651d3dbb6"
    },
    {
      "path": "/private/tmp/physics-focused-build-20261007/repo/build/profiles/local-owned/core_pane/core_pane.d",
      "identity": [
        16777231,
        252222686,
        33188,
        363,
        1791434564087249790,
        1791434564160054173
      ],
      "sha256": "b27d308e3eb5ebf9ceab8b57bb9840ee0ea179c0261806670d4787d27524daeb"
    },
    {
      "path": "/private/tmp/physics-focused-build-20261007/repo/build/profiles/local-owned/core_pane/core_pane.o",
      "identity": [
        16777231,
        252222679,
        33188,
        27072,
        1791434564087073040,
        1791434564160244672
      ],
      "sha256": "51102f429677235929605773f0157832193a2e612bbab58d38fbf49374a06acd"
    },
    {
      "path": "/private/tmp/physics-focused-build-20261007/repo/build/profiles/local-owned/core_scene/core_scene.d",
      "identity": [
        16777231,
        252222548,
        33188,
        776,
        1791434562066351941,
        1791434562100662183
      ],
      "sha256": "89a4011d9dfba79273ae9e9616f35b62190e020c5231d68d499b92386eef5d90"
    },
    {
      "path": "/private/tmp/physics-focused-build-20261007/repo/build/profiles/local-owned/core_scene/core_scene.o",
      "identity": [
        16777231,
        252222545,
        33188,
        49096,
        1791434562066079067,
        1791434562100799057
      ],
      "sha256": "45eabf68d06ff7481198b094d3750a980f6bb71d4ec0a7df24d546c81194bd06"
    },
    {
      "path": "/private/tmp/physics-focused-build-20261007/repo/build/profiles/local-owned/core_scene_compile/core_scene_compile.d",
      "identity": [
        16777231,
        252222561,
        33188,
        1098,
        1791434562300821904,
        1791434562347465514
      ],
      "sha256": "e0dd56f444385001906aa4dd8682fa633bf6ce038d7155eadefa645d84d080e5"
    },
    {
      "path": "/private/tmp/physics-focused-build-20261007/repo/build/profiles/local-owned/core_scene_compile/core_scene_compile.o",
      "identity": [
        16777231,
        252222555,
        33188,
        81136,
        1791434562300607863,
        1791434562347592014
      ],
      "sha256": "bcd8bb0337a606e1bc99a575790f9ebc14a254499cdf8d3bb17fbaefea8925ab"
    },
    {
      "path": "/private/tmp/physics-focused-build-20261007/repo/build/profiles/local-owned/core_scene_view/core_scene_view.d",
      "identity": [
        16777231,
        252222557,
        33188,
        619,
        1791434562241666759,
        1791434562292197438
      ],
      "sha256": "24b24ed134ab248daa5fe18b2b5641803546dea883aa943f92870d98546f49a5"
    },
    {
      "path": "/private/tmp/physics-focused-build-20261007/repo/build/profiles/local-owned/core_scene_view/core_scene_view.o",
      "identity": [
        16777231,
        252222554,
        33188,
        20616,
        1791434562241470677,
        1791434562292320895
      ],
      "sha256": "99f8763b1621611661bcbb5becdccdf4db9f5976d930a2e3264ddc5f7a463ce9"
    },
    {
      "path": "/private/tmp/physics-focused-build-20261007/repo/build/profiles/local-owned/core_screen_pick/core_screen_pick.d",
      "identity": [
        16777231,
        252222658,
        33188,
        550,
        1791434563638964782,
        1791434563689139712
      ],
      "sha256": "4b88defc7472a8c4c4630d3c7cd008777f18c6c5e2c595806714620b832098d3"
    },
    {
      "path": "/private/tmp/physics-focused-build-20261007/repo/build/profiles/local-owned/core_screen_pick/core_screen_pick.o",
      "identity": [
        16777231,
        252222657,
        33188,
        20000,
        1791434563638722325,
        1791434563689281420
      ],
      "sha256": "4d120c20994fb93f0665a2072322953db4b233ac781e1aabd5859f7db541add7"
    },
    {
      "path": "/private/tmp/physics-focused-build-20261007/repo/build/profiles/local-owned/core_sim/core_sim.d",
      "identity": [
        16777231,
        252222688,
        33188,
        355,
        1791434564101317901,
        1791434564139469295
      ],
      "sha256": "3078477bb714bf6dcfdf8ed4d63b7c081200d1b40ddd3c8dd976f0e01a0a460c"
    },
    {
      "path": "/private/tmp/physics-focused-build-20261007/repo/build/profiles/local-owned/core_sim/core_sim.o",
      "identity": [
        16777231,
        252222680,
        33188,
        25992,
        1791434564101153069,
        1791434564139620586
      ],
      "sha256": "dbeb9eeeb808e98a3841c86d79e25cfcb5f54164a1d2bffdefc46c336b02e571"
    },
    {
      "path": "/private/tmp/physics-focused-build-20261007/repo/build/profiles/local-owned/core_theme/core_theme.d",
      "identity": [
        16777231,
        252222703,
        33188,
        502,
        1791434564376441081,
        1791434564414463058
      ],
      "sha256": "300b3a2d393cf9da10897488d025370d994be1d8b1484c568d59188a8c5d415c"
    },
    {
      "path": "/private/tmp/physics-focused-build-20261007/repo/build/profiles/local-owned/core_theme/core_theme.o",
      "identity": [
        16777231,
        252222701,
        33188,
        12992,
        1791434564376147457,
        1791434564414604891
      ],
      "sha256": "579feb724f9a5ea7ff24c268298c84d386a924aee7634abb5781afbe6c252501"
    },
    {
      "path": "/private/tmp/physics-focused-build-20261007/repo/build/profiles/local-owned/core_units/core_units.d",
      "identity": [
        16777231,
        252222631,
        33188,
        502,
        1791434563194292262,
        1791434563267691351
      ],
      "sha256": "88c4f6c3b30af8914a80afa1f12574fa850dfbe9f31bdc59f46085a98f550c05"
    },
    {
      "path": "/private/tmp/physics-focused-build-20261007/repo/build/profiles/local-owned/core_units/core_units.o",
      "identity": [
        16777231,
        252222613,
        33188,
        13296,
        1791434563193974847,
        1791434563267878976
      ],
      "sha256": "127b0f352c9af3bb3e96ebf42754d4c0da9813d24d155d7de6dff1f425bf6a2c"
    },
    {
      "path": "/private/tmp/physics-focused-build-20261007/repo/build/profiles/local-owned/core_viewport2d/core_viewport2d.d",
      "identity": [
        16777231,
        252222667,
        33188,
        542,
        1791434563833376276,
        1791434563897756651
      ],
      "sha256": "a6f912f809f881c7e7ba4a49e0c411bb263039e46ad6295683cc328b28c39cde"
    },
    {
      "path": "/private/tmp/physics-focused-build-20261007/repo/build/profiles/local-owned/core_viewport2d/core_viewport2d.o",
      "identity": [
        16777231,
        252222664,
        33188,
        22984,
        1791434563833066986,
        1791434563897892942
      ],
      "sha256": "16e01077ab1b7afeda22c1e8aa2897022cf02944b0482416f30d255822e3813e"
    },
    {
      "path": "/private/tmp/physics-focused-build-20261007/repo/build/profiles/local-owned/export/export_paths.d",
      "identity": [
        16777231,
        252222185,
        33188,
        260,
        1791434557108939930,
        1791434557162844929
      ],
      "sha256": "5c08d1e079f9305838fdea9c43ec8bd3e64429c81da2a403e67d0b3bed673814"
    },
    {
      "path": "/private/tmp/physics-focused-build-20261007/repo/build/profiles/local-owned/export/export_paths.o",
      "identity": [
        16777231,
        252222184,
        33188,
        8056,
        1791434557108740598,
        1791434557162972053
      ],
      "sha256": "a00e66d12e0f88daef697ac906aba1f63ae12eac0b172b4fcb40bbfe9149855b"
    },
    {
      "path": "/private/tmp/physics-focused-build-20261007/repo/build/profiles/local-owned/export/render_frames.d",
      "identity": [
        16777231,
        252222143,
        33188,
        329,
        1791434556227074276,
        1791434556286289796
      ],
      "sha256": "6d4c070c800711880da3ff8683decb4d0bcca2a04cf11a81f5eebd40967e5b15"
    },
    {
      "path": "/private/tmp/physics-focused-build-20261007/repo/build/profiles/local-owned/export/render_frames.o",
      "identity": [
        16777231,
        252222138,
        33188,
        8688,
        1791434556226875194,
        1791434556286420712
      ],
      "sha256": "37fc2a098dfd809d66d0ab0c7fecfddd1986e2b35fab50a72eb86268003a82ce"
    },
    {
      "path": "/private/tmp/physics-focused-build-20261007/repo/build/profiles/local-owned/export/volume_frames.d",
      "identity": [
        16777231,
        252222202,
        33188,
        8320,
        1791434557486941502,
        1791434557532430908
      ],
      "sha256": "a17b2b76f98ec06a27173640ad8ef557ba61853aff488b84c1d7a5a58ce6bce3"
    },
    {
      "path": "/private/tmp/physics-focused-build-20261007/repo/build/profiles/local-owned/export/volume_frames.o",
      "identity": [
        16777231,
        252222193,
        33188,
        92648,
        1791434557486625836,
        1791434557532579116
      ],
      "sha256": "6540a57b8b6cf50047e237d414e51217176d52137dbfde0475011d6ab6fb98ff"
    },
    {
      "path": "/private/tmp/physics-focused-build-20261007/repo/build/profiles/local-owned/export/volume_frames_vf3d.d",
      "identity": [
        16777231,
        252222155,
        33188,
        7665,
        1791434556425990795,
        1791434556562320181
      ],
      "sha256": "149681cf5a3858e09ce632471cac051cb74d6a7dcd578aed581cc52f1f210da9"
    },
    {
      "path": "/private/tmp/physics-focused-build-20261007/repo/build/profiles/local-owned/export/volume_frames_vf3d.o",
      "identity": [
        16777231,
        252222137,
        33188,
        62904,
        1791434556425729379,
        1791434556562500472
      ],
      "sha256": "e21b427276d4ade0cc636e400baed3a68a78594413440f5d8a4eff38732a9ac2"
    },
    {
      "path": "/private/tmp/physics-focused-build-20261007/repo/build/profiles/local-owned/export/water_surface_artifacts.d",
      "identity": [
        16777231,
        252222173,
        33188,
        7831,
        1791434556927763593,
        1791434557013665134
      ],
      "sha256": "f15d7a0670e37c14d44b61365b19abf52b423bc2f4c91ad885e7efd3bf2d5473"
    },
    {
      "path": "/private/tmp/physics-focused-build-20261007/repo/build/profiles/local-owned/export/water_surface_artifacts.o",
      "identity": [
        16777231,
        252222148,
        33188,
        84848,
        1791434556927426886,
        1791434557013854550
      ],
      "sha256": "e04053f23629349fae7c61d0210157bdadda0ee2fcc19e72fd00bdf62ec0d27a"
    },
    {
      "path": "/private/tmp/physics-focused-build-20261007/repo/build/profiles/local-owned/export/wind_projection_frames.d",
      "identity": [
        16777231,
        252222197,
        33188,
        7641,
        1791434557352100234,
        1791434557428033064
      ],
      "sha256": "0da13a59ecab4a8ef7d72705c31031bc08464acaf84717d5a32866d1b33479b2"
    },
    {
      "path": "/private/tmp/physics-focused-build-20261007/repo/build/profiles/local-owned/export/wind_projection_frames.o",
      "identity": [
        16777231,
        252222177,
        33188,
        103992,
        1791434557351726819,
        1791434557428161647
      ],
      "sha256": "e5c3858930dce1513cc2fc6af4680dc00d3d160d45ee4206fb6d94250183d20e"
    },
    {
      "path": "/private/tmp/physics-focused-build-20261007/repo/build/profiles/local-owned/geo/shape_asset.d",
      "identity": [
        16777231,
        252221902,
        33188,
        1183,
        1791434552879081336,
        1791434552912582206
      ],
      "sha256": "57fc121d7c4e496482d14dd71e35ea18bb6f0603657ad0b95c13acfcde82fd2a"
    },
    {
      "path": "/private/tmp/physics-focused-build-20261007/repo/build/profiles/local-owned/geo/shape_asset.o",
      "identity": [
        16777231,
        252221895,
        33188,
        28952,
        1791434552878870503,
        1791434552912709538
      ],
      "sha256": "5fc3af80d29ef853902773651821442dad793db25c27c090c6fd559c02ba3bf8"
    },
    {
      "path": "/private/tmp/physics-focused-build-20261007/repo/build/profiles/local-owned/geo/shape_library.d",
      "identity": [
        16777231,
        252221912,
        33188,
        986,
        1791434552979863110,
        1791434553034867313
      ],
      "sha256": "78c9e6757115a99f5b8c77ffc21e0e179d88472a59a2673a9c2762e935eb78a6"
    },
    {
      "path": "/private/tmp/physics-focused-build-20261007/repo/build/profiles/local-owned/geo/shape_library.o",
      "identity": [
        16777231,
        252221909,
        33188,
        9808,
        1791434552979682528,
        1791434553035095604
      ],
      "sha256": "69387c634e10bd011f47628176cc06b94abe2e95df4c0ddf1c0945694b25e685"
    },
    {
      "path": "/private/tmp/physics-focused-build-20261007/repo/build/profiles/local-owned/import/runtime_mesh_preview_bridge.d",
      "identity": [
        16777231,
        252222259,
        33188,
        2752,
        1791434557704794904,
        1791434557769602861
      ],
      "sha256": "7f5ad5acacd6d2fbd79b9e7e53adee99530005f06d513329da36cb4f18d4bae4"
    },
    {
      "path": "/private/tmp/physics-focused-build-20261007/repo/build/profiles/local-owned/import/runtime_mesh_preview_bridge.o",
      "identity": [
        16777231,
        252222256,
        33188,
        49752,
        1791434557704521239,
        1791434557769776943
      ],
      "sha256": "c1757ebf0e7b4bae0606ae7ceafabdcd774491d572fa45861c4960bd2b679754"
    },
    {
      "path": "/private/tmp/physics-focused-build-20261007/repo/build/profiles/local-owned/import/runtime_mesh_preview_path_resolver.d",
      "identity": [
        16777231,
        252222206,
        33188,
        344,
        1791434557545593357,
        1791434557587948359
      ],
      "sha256": "820f83a8f56fba865767b73f0f9a8dfd9e6ba6b9d7e61182de524d6502e4dcd9"
    },
    {
      "path": "/private/tmp/physics-focused-build-20261007/repo/build/profiles/local-owned/import/runtime_mesh_preview_path_resolver.o",
      "identity": [
        16777231,
        252222203,
        33188,
        7792,
        1791434557545386233,
        1791434557588085650
      ],
      "sha256": "7faf4c1b61170365cd9fef0a850b2fa3d4213bbdaec7ce447196b7cec40e6ed9"
    },
    {
      "path": "/private/tmp/physics-focused-build-20261007/repo/build/profiles/local-owned/import/runtime_scene_bridge.d",
      "identity": [
        16777231,
        252222278,
        33188,
        3588,
        1791434558057845365,
        1791434558113747856
      ],
      "sha256": "cef2a810649440114d8024d6fdc1e55216442552222d931ee70f522c364c8cc0"
    },
    {
      "path": "/private/tmp/physics-focused-build-20261007/repo/build/profiles/local-owned/import/runtime_scene_bridge.o",
      "identity": [
        16777231,
        252222273,
        33188,
        98704,
        1791434558057616241,
        1791434558113864272
      ],
      "sha256": "8bff49428dafb46acd0172a860f1523fa78c61b46f4ea952aae1f5a934221a63"
    },
    {
      "path": "/private/tmp/physics-focused-build-20261007/repo/build/profiles/local-owned/import/runtime_scene_solver_projection.d",
      "identity": [
        16777231,
        252222317,
        33188,
        3290,
        1791434558641382679,
        1791434558670689565
      ],
      "sha256": "e97f08d566c4135c763ea46cac3625e6cd52d0234d0660f0f76787d4a74a8175"
    },
    {
      "path": "/private/tmp/physics-focused-build-20261007/repo/build/profiles/local-owned/import/runtime_scene_solver_projection.o",
      "identity": [
        16777231,
        252222312,
        33188,
        16368,
        1791434558641141179,
        1791434558670816231
      ],
      "sha256": "c2a09c1edd50aaa4a53b3d727709a7b68d4308c2f1ea64bff1fae044c405deb2"
    },
    {
      "path": "/private/tmp/physics-focused-build-20261007/repo/build/profiles/local-owned/import/runtime_scene_solver_projection_domain.d",
      "identity": [
        16777231,
        252222319,
        33188,
        3452,
        1791434558668626323,
        1791434558693931516
      ],
      "sha256": "8539b09ac903553d14632c765ff7b715b6c21ea85639454b11a1ea5662b51ba4"
    },
    {
      "path": "/private/tmp/physics-focused-build-20261007/repo/build/profiles/local-owned/import/runtime_scene_solver_projection_domain.o",
      "identity": [
        16777231,
        252222313,
        33188,
        49888,
        1791434558668391824,
        1791434558694060307
      ],
      "sha256": "950f1351c474882c57f6f541a0a703aaf8ae2ebece6d5378b6bbf8d8c41ecc32"
    },
    {
      "path": "/private/tmp/physics-focused-build-20261007/repo/build/profiles/local-owned/import/runtime_scene_solver_projection_emitters.d",
      "identity": [
        16777231,
        252222284,
        33188,
        3606,
        1791434558106107385,
        1791434558173629373
      ],
      "sha256": "e381f764df077ba654e19b9f149f28c259592e8ca472dac742b2fbc096caf125"
    },
    {
      "path": "/private/tmp/physics-focused-build-20261007/repo/build/profiles/local-owned/import/runtime_scene_solver_projection_emitters.o",
      "identity": [
        16777231,
        252222280,
        33188,
        24912,
        1791434558105758595,
        1791434558173762539
      ],
      "sha256": "7bea0bbd0aaa848c62d5dadfaa74bd2a2c2564035767a13ba093e3987146a3a3"
    },
    {
      "path": "/private/tmp/physics-focused-build-20261007/repo/build/profiles/local-owned/import/runtime_scene_solver_projection_objects.d",
      "identity": [
        16777231,
        252222307,
        33188,
        3454,
        1791434558556477967,
        1791434558622414419
      ],
      "sha256": "33f38ba84d53efd6ae2efb4c20c101c9a5ddd1af672c60a8cee8792b56c205f1"
    },
    {
      "path": "/private/tmp/physics-focused-build-20261007/repo/build/profiles/local-owned/import/runtime_scene_solver_projection_objects.o",
      "identity": [
        16777231,
        252222306,
        33188,
        26200,
        1791434558556254134,
        1791434558622548627
      ],
      "sha256": "fc3ce03b50e2f8a337c8a252881902775af45147a912915b6b35168ca48f3305"
    },
    {
      "path": "/private/tmp/physics-focused-build-20261007/repo/build/profiles/local-owned/import/runtime_scene_view_packet_readout.d",
      "identity": [
        16777231,
        252222292,
        33188,
        634,
        1791434558256481842,
        1791434558303220202
      ],
      "sha256": "d7cd69ece0b946c296345c33187231838822033e8de9314277f92e4c54be45ce"
    },
    {
      "path": "/private/tmp/physics-focused-build-20261007/repo/build/profiles/local-owned/import/runtime_scene_view_packet_readout.o",
      "identity": [
        16777231,
        252222290,
        33188,
        9440,
        1791434558256284760,
        1791434558303356493
      ],
      "sha256": "6d2d76b59603041a54cee41c9b7aa19a541eb3bc15d84a1fc91dea51bdf16c0b"
    },
    {
      "path": "/private/tmp/physics-focused-build-20261007/repo/build/profiles/local-owned/import/shape_import.d",
      "identity": [
        16777231,
        252222275,
        33188,
        998,
        1791434558037474819,
        1791434558075753170
      ],
      "sha256": "c0e1ecd1eff612e66462226ab51409119219c4583608078225fa8fe7efc5a8a0"
    },
    {
      "path": "/private/tmp/physics-focused-build-20261007/repo/build/profiles/local-owned/import/shape_import.o",
      "identity": [
        16777231,
        252222274,
        33188,
        16664,
        1791434558037260986,
        1791434558075864628
      ],
      "sha256": "fb184ef09578fc66368ddb0abd891752b08027df2d2ea1468cc21d4793621a50"
    },
    {
      "path": "/private/tmp/physics-focused-build-20261007/repo/build/profiles/local-owned/input/input.d",
      "identity": [
        16777231,
        252221722,
        33188,
        4606,
        1791434552268366794,
        1791434552342437881
      ],
      "sha256": "c2fdfe25deb7827eb2ed0f055f4f17200d831cad84057b27c4fa389e301beaee"
    },
    {
      "path": "/private/tmp/physics-focused-build-20261007/repo/build/profiles/local-owned/input/input.o",
      "identity": [
        16777231,
        252221666,
        33188,
        36832,
        1791434552268004170,
        1791434552342589213
      ],
      "sha256": "91ea02dde424f5046c00ee8fc7550c8a4b992994c77f920ae9b470dc54f0e377"
    },
    {
      "path": "/private/tmp/physics-focused-build-20261007/repo/build/profiles/local-owned/input/input_context.d",
      "identity": [
        16777231,
        252221862,
        33188,
        4512,
        1791434552547216418,
        1791434552587811593
      ],
      "sha256": "9f62683cf58ba3fb3fcf309b9a93b39b1212ef34df2e587cf8f16ebf49104d35"
    },
    {
      "path": "/private/tmp/physics-focused-build-20261007/repo/build/profiles/local-owned/input/input_context.o",
      "identity": [
        16777231,
        252221718,
        33188,
        19928,
        1791434552546945002,
        1791434552587912843
      ],
      "sha256": "3e0a90eeb350d3b0ca178d3505d408ea0f2d548f43f80319856d52c247a409d5"
    },
    {
      "path": "/private/tmp/physics-focused-build-20261007/repo/build/profiles/local-owned/input/stroke_buffer.d",
      "identity": [
        16777231,
        252221775,
        33188,
        4687,
        1791434552349800644,
        1791434552423522774
      ],
      "sha256": "2a21852020e1e6864f9e959e9bd1e8c23317ec922881641499f98187bf069147"
    },
    {
      "path": "/private/tmp/physics-focused-build-20261007/repo/build/profiles/local-owned/input/stroke_buffer.o",
      "identity": [
        16777231,
        252221683,
        33188,
        6072,
        1791434552349518645,
        1791434552423737856
      ],
      "sha256": "f8e00d4af334fd8ee766dc3587b09bc7d92d7b9f1f98d1a0cb4e617149daffce"
    },
    {
      "path": "/private/tmp/physics-focused-build-20261007/repo/build/profiles/local-owned/kit_pane/kit_pane.d",
      "identity": [
        16777231,
        252222794,
        33188,
        1013,
        1791434565379731970,
        1791434565424660129
      ],
      "sha256": "67541e55a17d711d4f5db98bb977c4c8988f4ec2658cb0dda94b269ce0ff27c7"
    },
    {
      "path": "/private/tmp/physics-focused-build-20261007/repo/build/profiles/local-owned/kit_pane/kit_pane.o",
      "identity": [
        16777231,
        252222792,
        33188,
        29464,
        1791434565379529471,
        1791434565424772920
      ],
      "sha256": "d07e9d55adef0d26445639d041633ac69b90f3f8f90fb99e7b1fb047710ecb8b"
    },
    {
      "path": "/private/tmp/physics-focused-build-20261007/repo/build/profiles/local-owned/kit_render/kit_render.d",
      "identity": [
        16777231,
        252222737,
        33188,
        906,
        1791434565020413409,
        1791434565068135891
      ],
      "sha256": "a0ebcbdecfd7253687c8bb6318fb56d668211c3737cc638f352a5cd478a03928"
    },
    {
      "path": "/private/tmp/physics-focused-build-20261007/repo/build/profiles/local-owned/kit_render/kit_render.o",
      "identity": [
        16777231,
        252222734,
        33188,
        29336,
        1791434565020203660,
        1791434565068283557
      ],
      "sha256": "6ba90e765460a015104e9099421a8107ee5c802001c854249fe9f849ba03ab0e"
    },
    {
      "path": "/private/tmp/physics-focused-build-20261007/repo/build/profiles/local-owned/kit_render/kit_render_backend_null.d",
      "identity": [
        16777231,
        252222776,
        33188,
        932,
        1791434565140955441,
        1791434565174935725
      ],
      "sha256": "53f518a718e6196b4b0f74589bf2d888ca69b8f749f647c1391d139bc49d6a49"
    },
    {
      "path": "/private/tmp/physics-focused-build-20261007/repo/build/profiles/local-owned/kit_render/kit_render_backend_null.o",
      "identity": [
        16777231,
        252222759,
        33188,
        14880,
        1791434565140667483,
        1791434565175062433
      ],
      "sha256": "f808a2ef353cd27dd0be04c00a9b805e46d787c444a7f40d923c1a0e53abebf0"
    },
    {
      "path": "/private/tmp/physics-focused-build-20261007/repo/build/profiles/local-owned/kit_ui/kit_ui.d",
      "identity": [
        16777231,
        252222795,
        33188,
        866,
        1791434565417760781,
        1791434565448850201
      ],
      "sha256": "184a50244cded64db9a90e109f7a4c558bc7cffd3fb2614e1a64bf481a9ca8f5"
    },
    {
      "path": "/private/tmp/physics-focused-build-20261007/repo/build/profiles/local-owned/kit_ui/kit_ui.o",
      "identity": [
        16777231,
        252222793,
        33188,
        43488,
        1791434565417502782,
        1791434565448975034
      ],
      "sha256": "74cba752982187662ff44a81d7366735539ac902b0380ca2826c79402abcb614"
    },
    {
      "path": "/private/tmp/physics-focused-build-20261007/repo/build/profiles/local-owned/kit_ui/kit_ui_button.d",
      "identity": [
        16777231,
        252222805,
        33188,
        880,
        1791434565638464630,
        1791434565670126924
      ],
      "sha256": "1045375756a1a56e6a4273606ab41a0ca0ed640051979c085c7d20d768f559c5"
    },
    {
      "path": "/private/tmp/physics-focused-build-20261007/repo/build/profiles/local-owned/kit_ui/kit_ui_button.o",
      "identity": [
        16777231,
        252222803,
        33188,
        27496,
        1791434565638226881,
        1791434565670270882
      ],
      "sha256": "da3f369425adf3b45f681b128649084fa84513f18ea1b6386b5b6fdd71f07ff9"
    },
    {
      "path": "/private/tmp/physics-focused-build-20261007/repo/build/profiles/local-owned/kit_viz/kit_viz.d",
      "identity": [
        16777231,
        252222724,
        33188,
        475,
        1791434564834433300,
        1791434564862893106
      ],
      "sha256": "c4118ab198c734dd931af00d54aad73ccbfd87fb6dfea578ed002c7a00da4c0b"
    },
    {
      "path": "/private/tmp/physics-focused-build-20261007/repo/build/profiles/local-owned/kit_viz/kit_viz.o",
      "identity": [
        16777231,
        252222723,
        33188,
        20144,
        1791434564834215509,
        1791434564862998522
      ],
      "sha256": "96d5aebe0b2d4683ab19daab178f7d978d4d19fe689ef3a7ccdc115554cb1feb"
    },
    {
      "path": "/private/tmp/physics-focused-build-20261007/repo/build/profiles/local-owned/kit_workspace_authoring/kit_workspace_authoring.d",
      "identity": [
        16777231,
        252222328,
        33188,
        734,
        1791434558759604677,
        1791434558820881939
      ],
      "sha256": "8d70f3e27761bb1494f3fc35c49c8b1479bcf708aec254d96024329c853d6a12"
    },
    {
      "path": "/private/tmp/physics-focused-build-20261007/repo/build/profiles/local-owned/kit_workspace_authoring/kit_workspace_authoring.o",
      "identity": [
        16777231,
        252222327,
        33188,
        12688,
        1791434558756571980,
        1791434558821001355
      ],
      "sha256": "45ff3ee25379463ceaca348f5f49f9b621a0e7361b547019869db3bd04106bf8"
    },
    {
      "path": "/private/tmp/physics-focused-build-20261007/repo/build/profiles/local-owned/kit_workspace_authoring/ui/kit_workspace_authoring_ui_font_theme.d",
      "identity": [
        16777231,
        252222356,
        33188,
        1173,
        1791434559270724814,
        1791434559316861218
      ],
      "sha256": "04dbe2ae791f3715dd448996c6ab1fe34df2bbebf9744405004e4fc5b19bb047"
    },
    {
      "path": "/private/tmp/physics-focused-build-20261007/repo/build/profiles/local-owned/kit_workspace_authoring/ui/kit_workspace_authoring_ui_font_theme.o",
      "identity": [
        16777231,
        252222355,
        33188,
        29304,
        1791434559270506607,
        1791434559317001801
      ],
      "sha256": "b5c79ae9259c76c264c0314b4f3d84e849d1eeb9359658bc1de3899d31f28825"
    },
    {
      "path": "/private/tmp/physics-focused-build-20261007/repo/build/profiles/local-owned/kit_workspace_authoring/ui/kit_workspace_authoring_ui_overlay.d",
      "identity": [
        16777231,
        252222348,
        33188,
        1167,
        1791434559144538847,
        1791434559201093001
      ],
      "sha256": "9a8bb2289b7c0d72df0dcc457ab3fd7307ff2480fea41d11497348a1b9655e13"
    },
    {
      "path": "/private/tmp/physics-focused-build-20261007/repo/build/profiles/local-owned/kit_workspace_authoring/ui/kit_workspace_authoring_ui_overlay.o",
      "identity": [
        16777231,
        252222346,
        33188,
        10288,
        1791434559144324389,
        1791434559201227459
      ],
      "sha256": "80159b09c233beaec4222433fbd99ac9cab07ed8a87b8217f762cb01610aca16"
    },
    {
      "path": "/private/tmp/physics-focused-build-20261007/repo/build/profiles/local-owned/physics/fluid2d/fluid2d.d",
      "identity": [
        16777231,
        252221974,
        33188,
        1203,
        1791434553899582576,
        1791434553912972816
      ],
      "sha256": "21591f27a47fb4db36b3b391849eb9ac3da93c7c293f06e74e1a64df1b494e73"
    },
    {
      "path": "/private/tmp/physics-focused-build-20261007/repo/build/profiles/local-owned/physics/fluid2d/fluid2d.o",
      "identity": [
        16777231,
        252221969,
        33188,
        41984,
        1791434553899290077,
        1791434553913073940
      ],
      "sha256": "2ecfedca4854fd4edb0bcee7a67b9c54d85a556fa42c3784fd914329af028600"
    },
    {
      "path": "/private/tmp/physics-focused-build-20261007/repo/build/profiles/local-owned/physics/fluid2d/fluid2d_boundary.d",
      "identity": [
        16777231,
        252221991,
        33188,
        857,
        1791434554017215828,
        1791434554040970694
      ],
      "sha256": "8e3460b90af3a943efb03c7eecd840e8104794aefe20d045685490484eb50fa0"
    },
    {
      "path": "/private/tmp/physics-focused-build-20261007/repo/build/profiles/local-owned/physics/fluid2d/fluid2d_boundary.o",
      "identity": [
        16777231,
        252221982,
        33188,
        29984,
        1791434554016739413,
        1791434554041160359
      ],
      "sha256": "24d1fdc1075706b5f20a04a2f0963224f2d8b2a79480d4bd572093e2e8cd04ae"
    },
    {
      "path": "/private/tmp/physics-focused-build-20261007/repo/build/profiles/local-owned/physics/math/math2d.d",
      "identity": [
        16777231,
        252222078,
        33188,
        141,
        1791434555199008982,
        1791434555234326970
      ],
      "sha256": "c46afbc5ba12903a4e52b056fc81689df1c23d6d6567baed94a25e4eb2eb3a93"
    },
    {
      "path": "/private/tmp/physics-focused-build-20261007/repo/build/profiles/local-owned/physics/math/math2d.o",
      "identity": [
        16777231,
        252222077,
        33188,
        336,
        1791434555198738858,
        1791434555234447469
      ],
      "sha256": "ed3fc958e3d44c45e966203be34fc716c8ab4304f89c8613c442e5c4f2692b1f"
    },
    {
      "path": "/private/tmp/physics-focused-build-20261007/repo/build/profiles/local-owned/physics/objects/object_manager.d",
      "identity": [
        16777231,
        252222055,
        33188,
        632,
        1791434555054059129,
        1791434555081548814
      ],
      "sha256": "15e59f592bc19fb84ef4aecf56e04dc1fb07a7fb362b79f57f25a28730cc47c7"
    },
    {
      "path": "/private/tmp/physics-focused-build-20261007/repo/build/profiles/local-owned/physics/objects/object_manager.o",
      "identity": [
        16777231,
        252222051,
        33188,
        18752,
        1791434555053872171,
        1791434555081851729
      ],
      "sha256": "9110016e645cc231597bf2fce3a7d36a3f85418d577f0b3a3d42d2f9ead3b9c1"
    },
    {
      "path": "/private/tmp/physics-focused-build-20261007/repo/build/profiles/local-owned/physics/objects/physics_object_builder.d",
      "identity": [
        16777231,
        252222054,
        33188,
        942,
        1791434555051706847,
        1791434555082762059
      ],
      "sha256": "80e86940c3127d284ee68499edba35507eec015e15a4734b455ce7c98a7b26bc"
    },
    {
      "path": "/private/tmp/physics-focused-build-20261007/repo/build/profiles/local-owned/physics/objects/physics_object_builder.o",
      "identity": [
        16777231,
        252222052,
        33188,
        6416,
        1791434555051443514,
        1791434555082911225
      ],
      "sha256": "7bc4f5d59487b20eff82383f56dd32850bbf67170f195d885279ba1373d7b5b4"
    },
    {
      "path": "/private/tmp/physics-focused-build-20261007/repo/build/profiles/local-owned/physics/particles/particles2d.d",
      "identity": [
        16777231,
        252222064,
        33188,
        845,
        1791434555094952178,
        1791434555143163908
      ],
      "sha256": "a8aabadcdeeef829a7edecb3515034765cc43e28eca6df9445e16543c214a833"
    },
    {
      "path": "/private/tmp/physics-focused-build-20261007/repo/build/profiles/local-owned/physics/particles/particles2d.o",
      "identity": [
        16777231,
        252222056,
        33188,
        13656,
        1791434555094726679,
        1791434555143348407
      ],
      "sha256": "9b8ff754ebee54668022d7512935dfcb2e70218d1aecaf98114cf461d5ae391d"
    },
    {
      "path": "/private/tmp/physics-focused-build-20261007/repo/build/profiles/local-owned/physics/rigid/collider_builder.d",
      "identity": [
        16777231,
        252222012,
        33188,
        1678,
        1791434554417317064,
        1791434554442097842
      ],
      "sha256": "b4f941b395af2e379398e09c34b571a432f667b1048d73832668cb137d152565"
    },
    {
      "path": "/private/tmp/physics-focused-build-20261007/repo/build/profiles/local-owned/physics/rigid/collider_builder.o",
      "identity": [
        16777231,
        252222010,
        33188,
        30320,
        1791434554417009606,
        1791434554442231717
      ],
      "sha256": "40f44e93b6043c484a5b640724401be29006b791a4c31c568260d66b4c00eaa2"
    },
    {
      "path": "/private/tmp/physics-focused-build-20261007/repo/build/profiles/local-owned/physics/rigid/collider_geom.d",
      "identity": [
        16777231,
        252222000,
        33188,
        523,
        1791434554147416780,
        1791434554175020631
      ],
      "sha256": "aeb960d59374c8328566fc966671e6c134cbff43370fcbfee58daf9e0fa339f8"
    },
    {
      "path": "/private/tmp/physics-focused-build-20261007/repo/build/profiles/local-owned/physics/rigid/collider_geom.o",
      "identity": [
        16777231,
        252221998,
        33188,
        10336,
        1791434554147204780,
        1791434554175134713
      ],
      "sha256": "641ad16da8e8fa1c9b267717ccc4a0a19d28381298de72d3e3eead63096004a1"
    },
    {
      "path": "/private/tmp/physics-focused-build-20261007/repo/build/profiles/local-owned/physics/rigid/collider_legacy.d",
      "identity": [
        16777231,
        252222032,
        33188,
        1475,
        1791434554656090343,
        1791434554713533411
      ],
      "sha256": "057b167745c5e0a249a3b992e3c0801e6ddf432b67c9a80d3abcb0e8f31f22bc"
    },
    {
      "path": "/private/tmp/physics-focused-build-20261007/repo/build/profiles/local-owned/physics/rigid/collider_legacy.o",
      "identity": [
        16777231,
        252222030,
        33188,
        32520,
        1791434554655853302,
        1791434554713663244
      ],
      "sha256": "6dba0e3fc492871a0d071d365f99d26cd6bb7ba46ba6248a073c8411ca6a02d9"
    },
    {
      "path": "/private/tmp/physics-focused-build-20261007/repo/build/profiles/local-owned/physics/rigid/collider_tagging.d",
      "identity": [
        16777231,
        252222019,
        33188,
        1311,
        1791434554506257509,
        1791434554540126669
      ],
      "sha256": "e9eae000ccb526a610a4c6acec76b4cd5f87501e7a9a5b461f9ab56cda445431"
    },
    {
      "path": "/private/tmp/physics-focused-build-20261007/repo/build/profiles/local-owned/physics/rigid/collider_tagging.o",
      "identity": [
        16777231,
        252222015,
        33188,
        22936,
        1791434554505970469,
        1791434554540290002
      ],
      "sha256": "e931dde17570e32e4c19761eb3c2e7fdafba1ca9d3b1902c96032b76c2c74f16"
    },
    {
      "path": "/private/tmp/physics-focused-build-20261007/repo/build/profiles/local-owned/physics/rigid/rigid2d.d",
      "identity": [
        16777231,
        252222020,
        33188,
        616,
        1791434554524120940,
        1791434554565090822
      ],
      "sha256": "54011d2a00b737976372e13f17b92a513be07aefed38832d12650de1f09d85d7"
    },
    {
      "path": "/private/tmp/physics-focused-build-20261007/repo/build/profiles/local-owned/physics/rigid/rigid2d.o",
      "identity": [
        16777231,
        252222018,
        33188,
        25304,
        1791434554523908232,
        1791434554565286196
      ],
      "sha256": "71f2626b5f35ae7ebc88b31a21460ae4a0127c1dea539a716e7489d8bb01c858"
    },
    {
      "path": "/private/tmp/physics-focused-build-20261007/repo/build/profiles/local-owned/physics/rigid/rigid2d_collision.d",
      "identity": [
        16777231,
        252221983,
        33188,
        636,
        1791434553975693906,
        1791434553993063755
      ],
      "sha256": "90722d9013f9387db46b786782db0a1df3037462650eae3707b24d73fe8749b5"
    },
    {
      "path": "/private/tmp/physics-focused-build-20261007/repo/build/profiles/local-owned/physics/rigid/rigid2d_collision.o",
      "identity": [
        16777231,
        252221978,
        33188,
        35768,
        1791434553975455032,
        1791434553993240671
      ],
      "sha256": "27693aa82270660a56345302a008830eb3f2f6ce48a9bf9c12799fc162c56eb5"
    },
    {
      "path": "/private/tmp/physics-focused-build-20261007/repo/build/profiles/local-owned/physics/smoke/smoke_field.d",
      "identity": [
        16777231,
        252221948,
        33188,
        165,
        1791434553502305621,
        1791434553518116101
      ],
      "sha256": "fe0e0258fefdbaa75bbdf9b392e5f8ea101796cc5757e1ce861127ca55ac3a71"
    },
    {
      "path": "/private/tmp/physics-focused-build-20261007/repo/build/profiles/local-owned/physics/smoke/smoke_field.o",
      "identity": [
        16777231,
        252221945,
        33188,
        3616,
        1791434553502101080,
        1791434553518291975
      ],
      "sha256": "069c747034f1df7603f302d626c0a2a55bd3ebead8af7c3943f958a41a66a6d1"
    },
    {
      "path": "/private/tmp/physics-focused-build-20261007/repo/build/profiles/local-owned/physics/soft/soft_body.d",
      "identity": [
        16777231,
        252222106,
        33188,
        531,
        1791434555593635906,
        1791434555607675643
      ],
      "sha256": "47c8db10b3f45a3fc8c272ce1d5967e56d54d8f145e230ded484799896fc79e5"
    },
    {
      "path": "/private/tmp/physics-focused-build-20261007/repo/build/profiles/local-owned/physics/soft/soft_body.o",
      "identity": [
        16777231,
        252222104,
        33188,
        26320,
        1791434555593379240,
        1791434555607795226
      ],
      "sha256": "d02b32b20ea4fc7c13bbd7d7644bf8bdc83fcacaf5af342030dc4f03c529accf"
    },
    {
      "path": "/private/tmp/physics-focused-build-20261007/repo/build/profiles/local-owned/physics/structural/structural_scene.d",
      "identity": [
        16777231,
        252222117,
        33188,
        328,
        1791434555686686086,
        1791434555715723223
      ],
      "sha256": "78da000e0f8e9eee44d208dbe8dac1c3222c256469f555cc8dfe2afb075eb765"
    },
    {
      "path": "/private/tmp/physics-focused-build-20261007/repo/build/profiles/local-owned/physics/structural/structural_scene.o",
      "identity": [
        16777231,
        252222111,
        33188,
        32160,
        1791434555686416462,
        1791434555715829139
      ],
      "sha256": "65c925926d300b579ccc2670520fe30dceeae9b42714ba9be0c223357491eead"
    },
    {
      "path": "/private/tmp/physics-focused-build-20261007/repo/build/profiles/local-owned/physics/structural/structural_solver.d",
      "identity": [
        16777231,
        252222105,
        33188,
        677,
        1791434555593010533,
        1791434555610075383
      ],
      "sha256": "a1babca3ada113ec54be7b52a83cdb92ace7b9b6a748d3e8e50557cabb038833"
    },
    {
      "path": "/private/tmp/physics-focused-build-20261007/repo/build/profiles/local-owned/physics/structural/structural_solver.o",
      "identity": [
        16777231,
        252222102,
        33188,
        47864,
        1791434555592787742,
        1791434555610184216
      ],
      "sha256": "e5440b22ef3403bf3de59f023d20360f93c31c0a1b649f9041c2c347570d5cfe"
    },
    {
      "path": "/private/tmp/physics-focused-build-20261007/repo/build/profiles/local-owned/physics/structural/structural_sparse_matrix.d",
      "identity": [
        16777231,
        252222119,
        33188,
        453,
        1791434555710246660,
        1791434555726045641
      ],
      "sha256": "1d686bc6237ede203862b58341799429469552b7d7611827287851a3cf75b5d2"
    },
    {
      "path": "/private/tmp/physics-focused-build-20261007/repo/build/profiles/local-owned/physics/structural/structural_sparse_matrix.o",
      "identity": [
        16777231,
        252222116,
        33188,
        10376,
        1791434555710011120,
        1791434555726147724
      ],
      "sha256": "de33e7361b68e2e4d2fe8ac1ae12eb0f1c3dbfa2412c17bbefc72ba1067eddbc"
    },
    {
      "path": "/private/tmp/physics-focused-build-20261007/repo/build/profiles/local-owned/render/field_overlay.d",
      "identity": [
        16777231,
        252221949,
        33188,
        7805,
        1791434553512566414,
        1791434553582655308
      ],
      "sha256": "365d76fecd481160bf9ece2ebac90085a4031443b3d679f112cb0888f6713c92"
    },
    {
      "path": "/private/tmp/physics-focused-build-20261007/repo/build/profiles/local-owned/render/field_overlay.o",
      "identity": [
        16777231,
        252221926,
        33188,
        72608,
        1791434553512322165,
        1791434553583001432
      ],
      "sha256": "d487dacd018436c22c31ad87a19111bde6871f7d985908292bc1577bba887394"
    },
    {
      "path": "/private/tmp/physics-focused-build-20261007/repo/build/profiles/local-owned/render/import_project.d",
      "identity": [
        16777231,
        252221911,
        33188,
        834,
        1791434552972033058,
        1791434552984937008
      ],
      "sha256": "f780b9e872ff4acb3fada388713c5ef04d031622b0e3c5d1533e5e0341ef6f7a"
    },
    {
      "path": "/private/tmp/physics-focused-build-20261007/repo/build/profiles/local-owned/render/import_project.o",
      "identity": [
        16777231,
        252221908,
        33188,
        6392,
        1791434552971833600,
        1791434552985073674
      ],
      "sha256": "e33e08bbb29f24e9716fdc6cd2ebb583431274e75decb821002e80ac38289984"
    },
    {
      "path": "/private/tmp/physics-focused-build-20261007/repo/build/profiles/local-owned/render/kit_render_backend_vk_headless_stub.d",
      "identity": [
        16777231,
        252222819,
        33188,
        950,
        1791434566171354182,
        1791434566195655338
      ],
      "sha256": "749678d6c837ce321f360b42ec411c8fb537b690d1acea8c9c9c877e93473c70"
    },
    {
      "path": "/private/tmp/physics-focused-build-20261007/repo/build/profiles/local-owned/render/kit_render_backend_vk_headless_stub.o",
      "identity": [
        16777231,
        252222817,
        33188,
        9312,
        1791434566170794143,
        1791434566195814921
      ],
      "sha256": "bbf0893dcf0e4345726c147531ac1a33a3d206e6988a18671423a728c97ced92"
    },
    {
      "path": "/private/tmp/physics-focused-build-20261007/repo/build/profiles/local-owned/render/kit_viz_field_adapter.d",
      "identity": [
        16777231,
        252221938,
        33188,
        552,
        1791434553379005684,
        1791434553400717766
      ],
      "sha256": "b7dfc0b049b6ece63f6b691054d243014868b19e99da0a181dab919cdeb40ab9"
    },
    {
      "path": "/private/tmp/physics-focused-build-20261007/repo/build/profiles/local-owned/render/kit_viz_field_adapter.o",
      "identity": [
        16777231,
        252221936,
        33188,
        10040,
        1791434553378811684,
        1791434553400965056
      ],
      "sha256": "5aeeffa4dfd36d6963920202152329042b2a08575df63a4979ddce2af058099e"
    },
    {
      "path": "/private/tmp/physics-focused-build-20261007/repo/build/profiles/local-owned/render/renderer_sdl_headless_stub.d",
      "identity": [
        16777231,
        252222854,
        33188,
        7645,
        1791434566332077849,
        1791434566421318543
      ],
      "sha256": "843dd1561a91b012f86b504169142ebb2434bc5c5e4f2dc192660192222b70e0"
    },
    {
      "path": "/private/tmp/physics-focused-build-20261007/repo/build/profiles/local-owned/render/renderer_sdl_headless_stub.o",
      "identity": [
        16777231,
        252222811,
        33188,
        53880,
        1791434566331651517,
        1791434566421444001
      ],
      "sha256": "7f9c07ed89a62adaf30cd5dcba46534506bffbecfb8f19f502bc5f62f5b01424"
    },
    {
      "path": "/private/tmp/physics-focused-build-20261007/repo/build/profiles/local-owned/render/retained_runtime_scene_overlay_headless_stub.d",
      "identity": [
        16777231,
        252222859,
        33188,
        7638,
        1791434566428349724,
        1791434566490428899
      ],
      "sha256": "4abf0e886a1ada0c85cd0b7e7739064644527c1afdd4297109374dcb030cce9c"
    },
    {
      "path": "/private/tmp/physics-focused-build-20261007/repo/build/profiles/local-owned/render/retained_runtime_scene_overlay_headless_stub.o",
      "identity": [
        16777231,
        252222818,
        33188,
        37200,
        1791434566428067017,
        1791434566490590774
      ],
      "sha256": "908a5738681ad4fc0c6cdcec19b5da733914840f8a1fe5f20a0e209529b364ff"
    },
    {
      "path": "/private/tmp/physics-focused-build-20261007/repo/build/profiles/local-owned/timer_hud/api/time_scope.d",
      "identity": [
        16777231,
        252222437,
        33188,
        2983,
        1791434560311243475,
        1791434560336895626
      ],
      "sha256": "96c06e14ea72683f51f93b40f9f0695a887779ae4ca5fdc4c1e573bf48bf9bab"
    },
    {
      "path": "/private/tmp/physics-focused-build-20261007/repo/build/profiles/local-owned/timer_hud/api/time_scope.o",
      "identity": [
        16777231,
        252222434,
        33188,
        34816,
        1791434560310993851,
        1791434560337018125
      ],
      "sha256": "912605ae017e4a951e83746b30441543647fbd9b292cecf307fc5a3d37931993"
    },
    {
      "path": "/private/tmp/physics-focused-build-20261007/repo/build/profiles/local-owned/timer_hud/config/settings_loader.d",
      "identity": [
        16777231,
        252222412,
        33188,
        2467,
        1791434560004970208,
        1791434560036710668
      ],
      "sha256": "15537cb91948ebec1164ef4825a3f6f6f0a3d7979a8d047192f328df9da8ae77"
    },
    {
      "path": "/private/tmp/physics-focused-build-20261007/repo/build/profiles/local-owned/timer_hud/config/settings_loader.o",
      "identity": [
        16777231,
        252222410,
        33188,
        34168,
        1791434560004550251,
        1791434560036856876
      ],
      "sha256": "e86c27f6c1b78e8d9d9ad3b8b519548566f503f57149439ab2925af4b3301289"
    },
    {
      "path": "/private/tmp/physics-focused-build-20261007/repo/build/profiles/local-owned/timer_hud/core/frame_tracker.d",
      "identity": [
        16777231,
        252222399,
        33188,
        2502,
        1791434559839972892,
        1791434559904799265
      ],
      "sha256": "8b794df5e31e006025fbbc435605b84be2738e563330a28fd90547b4cc43f998"
    },
    {
      "path": "/private/tmp/physics-focused-build-20261007/repo/build/profiles/local-owned/timer_hud/core/frame_tracker.o",
      "identity": [
        16777231,
        252222397,
        33188,
        8168,
        1791434559839763893,
        1791434559904994014
      ],
      "sha256": "efb9501402d8a944c8f58ac323699f018d0143c470c7db3d8a819d41a5414bbb"
    },
    {
      "path": "/private/tmp/physics-focused-build-20261007/repo/build/profiles/local-owned/timer_hud/core/session.d",
      "identity": [
        16777231,
        252222365,
        33188,
        1830,
        1791434559399619479,
        1791434559455451346
      ],
      "sha256": "92df5ef9129242cb5c36f00338d31af29a85c81d8959ca2448efea4ed6cb0d13"
    },
    {
      "path": "/private/tmp/physics-focused-build-20261007/repo/build/profiles/local-owned/timer_hud/core/session.o",
      "identity": [
        16777231,
        252222364,
        33188,
        9152,
        1791434559399364689,
        1791434559455570345
      ],
      "sha256": "6ed7baaae6974010fc381c5553e4e471a442033ffdf7147e1840d452508041ef"
    },
    {
      "path": "/private/tmp/physics-focused-build-20261007/repo/build/profiles/local-owned/timer_hud/core/time_utils.d",
      "identity": [
        16777231,
        252222347,
        33188,
        364,
        1791434559134619677,
        1791434559146799921
      ],
      "sha256": "c0c4e75a37230c54166b7adb8e26c7c2e72869730a1dbafa215af3ffffbb141d"
    },
    {
      "path": "/private/tmp/physics-focused-build-20261007/repo/build/profiles/local-owned/timer_hud/core/time_utils.o",
      "identity": [
        16777231,
        252222345,
        33188,
        3808,
        1791434559134372094,
        1791434559146920212
      ],
      "sha256": "ff64f9d891ce46794d79412b8bbe19c8958439d6aede138e86793a09c20975f6"
    },
    {
      "path": "/private/tmp/physics-focused-build-20261007/repo/build/profiles/local-owned/timer_hud/core/timer.d",
      "identity": [
        16777231,
        252222388,
        33188,
        469,
        1791434559692955672,
        1791434559734361761
      ],
      "sha256": "5aa3f4d0e084ccbd4e39b1ee6bdcba1c8b2845abd43ef82642696f8bbdb6822c"
    },
    {
      "path": "/private/tmp/physics-focused-build-20261007/repo/build/profiles/local-owned/timer_hud/core/timer.o",
      "identity": [
        16777231,
        252222385,
        33188,
        8224,
        1791434559692729339,
        1791434559734488552
      ],
      "sha256": "e1424106e1f397b939cc6fbc4ce95f031ed675d42471023a8aa1f8ce01617497"
    },
    {
      "path": "/private/tmp/physics-focused-build-20261007/repo/build/profiles/local-owned/timer_hud/core/timer_manager.d",
      "identity": [
        16777231,
        252222383,
        33188,
        1814,
        1791434559643726363,
        1791434559676124321
      ],
      "sha256": "3ae81ecd02e754dfbe3b67add6c21155ef32970db5b700fa8c0a2a6da9b6c7de"
    },
    {
      "path": "/private/tmp/physics-focused-build-20261007/repo/build/profiles/local-owned/timer_hud/core/timer_manager.o",
      "identity": [
        16777231,
        252222380,
        33188,
        9624,
        1791434559643521947,
        1791434559676251278
      ],
      "sha256": "b3e3369e2b068d704e3c8a9c81b9fc2051e3ae3e37e0fc3e640430814cc24061"
    },
    {
      "path": "/private/tmp/physics-focused-build-20261007/repo/build/profiles/local-owned/timer_hud/events/event_tracker.d",
      "identity": [
        16777231,
        252222443,
        33188,
        1978,
        1791434560370172579,
        1791434560418062226
      ],
      "sha256": "8379d22e7e1ac4e6c4be37226c71e128740a9aa0775b5b6c4735b97fb688fec5"
    },
    {
      "path": "/private/tmp/physics-focused-build-20261007/repo/build/profiles/local-owned/timer_hud/events/event_tracker.o",
      "identity": [
        16777231,
        252222441,
        33188,
        9384,
        1791434560369975663,
        1791434560418179768
      ],
      "sha256": "6235c36a52682c4b3fcb0e63b4a1ac5e09663272a9540c259490a09c7cbee5ab"
    },
    {
      "path": "/private/tmp/physics-focused-build-20261007/repo/build/profiles/local-owned/timer_hud/history/history_compression.d",
      "identity": [
        16777231,
        252222423,
        33188,
        549,
        1791434560134647079,
        1791434560150409642
      ],
      "sha256": "4e1cd85c4bb1f79c99657355908d9f12dc6508d58ed16695c79b57586d113f2d"
    },
    {
      "path": "/private/tmp/physics-focused-build-20261007/repo/build/profiles/local-owned/timer_hud/history/history_compression.o",
      "identity": [
        16777231,
        252222422,
        33188,
        4168,
        1791434560134441371,
        1791434560150529267
      ],
      "sha256": "d0d0b9eee071ead0da73e5e7da50751fb25854f74e65a313699a833c997545b7"
    },
    {
      "path": "/private/tmp/physics-focused-build-20261007/repo/build/profiles/local-owned/timer_hud/hud/hud_format.d",
      "identity": [
        16777231,
        252222460,
        33188,
        241,
        1791434560635116424,
        1791434560692979115
      ],
      "sha256": "868dee466cccd0653b8ddb49659f53d66fc76b8850677baf27c642243c4c24a3"
    },
    {
      "path": "/private/tmp/physics-focused-build-20261007/repo/build/profiles/local-owned/timer_hud/hud/hud_format.o",
      "identity": [
        16777231,
        252222459,
        33188,
        5024,
        1791434560634898466,
        1791434560693098740
      ],
      "sha256": "e42ab47648d23b9253d2f5abbc9133a4a501e53fa7d09b53713528878b6c7285"
    },
    {
      "path": "/private/tmp/physics-focused-build-20261007/repo/build/profiles/local-owned/timer_hud/hud/hud_renderer.d",
      "identity": [
        16777231,
        252222476,
        33188,
        2190,
        1791434560871812587,
        1791434560914465796
      ],
      "sha256": "849276cdfec5fc478915276e035543c622637aba35af5b6b5f9f761e41091262"
    },
    {
      "path": "/private/tmp/physics-focused-build-20261007/repo/build/profiles/local-owned/timer_hud/hud/hud_renderer.o",
      "identity": [
        16777231,
        252222474,
        33188,
        23904,
        1791434560871585462,
        1791434560914647003
      ],
      "sha256": "25f2c5d3f113a01dd9f98277e2ee61e3b47da460fb134b3a0088789160f587b6"
    },
    {
      "path": "/private/tmp/physics-focused-build-20261007/repo/build/profiles/local-owned/timer_hud/hud/hud_snapshot.d",
      "identity": [
        16777231,
        252222477,
        33188,
        2186,
        1791434560874790075,
        1791434560913419383
      ],
      "sha256": "69c79a905773528d49ae911763fcaa0e97f1a1fcd00273dac7e56fc2a1624797"
    },
    {
      "path": "/private/tmp/physics-focused-build-20261007/repo/build/profiles/local-owned/timer_hud/hud/hud_snapshot.o",
      "identity": [
        16777231,
        252222475,
        33188,
        20504,
        1791434560874584992,
        1791434560913545966
      ],
      "sha256": "bf0cc18953bda41756ffec26e662787f0240ac640e7a7b486116ab6dabe28a41"
    },
    {
      "path": "/private/tmp/physics-focused-build-20261007/repo/build/profiles/local-owned/timer_hud/logging/logger.d",
      "identity": [
        16777231,
        252222452,
        33188,
        2121,
        1791434560490032155,
        1791434560545180440
      ],
      "sha256": "ca996e9b01a458f39bb4f851fe935de6c4503530cc474f78df62f153f7024334"
    },
    {
      "path": "/private/tmp/physics-focused-build-20261007/repo/build/profiles/local-owned/timer_hud/logging/logger.o",
      "identity": [
        16777231,
        252222448,
        33188,
        11848,
        1791434560489818447,
        1791434560545300523
      ],
      "sha256": "9ed99c8fec5d95982df9457917fe8f0b97512984f9123cad66bc3ad729693246"
    },
    {
      "path": "/private/tmp/physics-focused-build-20261007/repo/build/profiles/local-owned/timer_hud_external/cJSON.d",
      "identity": [
        16777231,
        252222494,
        33188,
        229,
        1791434561161258252,
        1791434561218800653
      ],
      "sha256": "2422e81579ebe9f8da7944a9404b8bb30f192b7399e81b3c2aa3c14f259dd2f1"
    },
    {
      "path": "/private/tmp/physics-focused-build-20261007/repo/build/profiles/local-owned/timer_hud_external/cJSON.o",
      "identity": [
        16777231,
        252222490,
        33188,
        73040,
        1791434561161094086,
        1791434561218916486
      ],
      "sha256": "f1924d860e6e586ec30c380d830b471ccd11f92dcaa15ab721731f888a5d8a4d"
    },
    {
      "path": "/private/tmp/physics-focused-build-20261007/repo/build/profiles/local-owned/timing.d",
      "identity": [
        16777231,
        252222147,
        33188,
        4507,
        1791434556321299118,
        1791434556393786128
      ],
      "sha256": "ffbe3ad07f3245b268af5b678d859e22ff0ebe38c7ad0fbbcd1705ee33c3798f"
    },
    {
      "path": "/private/tmp/physics-focused-build-20261007/repo/build/profiles/local-owned/timing.o",
      "identity": [
        16777231,
        252222136,
        33188,
        6752,
        1791434556321071078,
        1791434556393906544
      ],
      "sha256": "fcde4d11d025431eafca612075cce6059a77548106689557d6c1c9af021bbcd4"
    },
    {
      "path": "/private/tmp/physics-focused-build-20261007/repo/build/profiles/local-owned/tools/ShapeLib/shape_core.d",
      "identity": [
        16777231,
        252219279,
        33188,
        626,
        1791434538386689241,
        1791434538442031234
      ],
      "sha256": "c63d3743b5e4ceeb543f0b9add208f83978abb54d9ccf81ef9457040dae6a48c"
    },
    {
      "path": "/private/tmp/physics-focused-build-20261007/repo/build/profiles/local-owned/tools/ShapeLib/shape_core.o",
      "identity": [
        16777231,
        252219275,
        33188,
        4096,
        1791434538386320326,
        1791434538442153651
      ],
      "sha256": "e5f7c08e1b2432b1e213a07c07891e0b386c689d1cd28fa6cc211fb4712b7f04"
    },
    {
      "path": "/private/tmp/physics-focused-build-20261007/repo/build/profiles/local-owned/tools/ShapeLib/shape_draw_sdl.d",
      "identity": [
        16777231,
        252219296,
        33188,
        5402,
        1791434538629895588,
        1791434538684487834
      ],
      "sha256": "d58cbb227c036c3d5e4a906b9cee0c7b16df1fc9528639f0c0b54eb601cc048b"
    },
    {
      "path": "/private/tmp/physics-focused-build-20261007/repo/build/profiles/local-owned/tools/ShapeLib/shape_draw_sdl.o",
      "identity": [
        16777231,
        252219291,
        33188,
        7816,
        1791434538629576506,
        1791434538684649167
      ],
      "sha256": "95754a18d1b1c69972fe8cb4215c9f374d012b79379d0db5ff3fdd2795f1ae90"
    },
    {
      "path": "/private/tmp/physics-focused-build-20261007/repo/build/profiles/local-owned/tools/ShapeLib/shape_flatten.d",
      "identity": [
        16777231,
        252219250,
        33188,
        892,
        1791434537889432506,
        1791434537935582785
      ],
      "sha256": "b422badc84395660e5e93afbbaaf1d41dbe08f886e1b2776169c5849cea8daed"
    },
    {
      "path": "/private/tmp/physics-focused-build-20261007/repo/build/profiles/local-owned/tools/ShapeLib/shape_flatten.o",
      "identity": [
        16777231,
        252219246,
        33188,
        11008,
        1791434537889197965,
        1791434537935705493
      ],
      "sha256": "c0eec38de0820d23bf8ec36a65cc0e0679f43a4d6cbdfae56a985aba11127b87"
    },
    {
      "path": "/private/tmp/physics-focused-build-20261007/repo/build/profiles/local-owned/tools/ShapeLib/shape_json.d",
      "identity": [
        16777231,
        252219245,
        33188,
        1067,
        1791434537847326169,
        1791434537895209067
      ],
      "sha256": "abc111f3943d4e9e00683a8107dfca3f37f3deb16284eadf5450b95dbaf0be84"
    },
    {
      "path": "/private/tmp/physics-focused-build-20261007/repo/build/profiles/local-owned/tools/ShapeLib/shape_json.o",
      "identity": [
        16777231,
        252219244,
        33188,
        17224,
        1791434537847123378,
        1791434537895317691
      ],
      "sha256": "1c27a2bebe8d5b8808db943bf655175be223478744e3d74509736ad4c850e78c"
    },
    {
      "path": "/private/tmp/physics-focused-build-20261007/repo/build/profiles/local-owned/tools/cli/physics_sim_headless.d",
      "identity": [
        16777231,
        252219266,
        33188,
        8028,
        1791434538187785889,
        1791434538261886142
      ],
      "sha256": "c1b498b9eabbfd1dd717c18d7a589ce035271d71725da735f25fa853886bc6ac"
    },
    {
      "path": "/private/tmp/physics-focused-build-20261007/repo/build/profiles/local-owned/tools/cli/physics_sim_headless.o",
      "identity": [
        16777231,
        252219249,
        33188,
        94152,
        1791434538187532431,
        1791434538262011767
      ],
      "sha256": "4e29211e092d9b7c9823b4bd4a005ba5b558bf36e9886f072bcd0e5baec02608"
    },
    {
      "path": "/private/tmp/physics-focused-build-20261007/repo/build/profiles/local-owned/ui/text_input.d",
      "identity": [
        16777231,
        252219258,
        33188,
        4488,
        1791434538044149822,
        1791434538105299917
      ],
      "sha256": "e41f63d2f0a3b6fdea2792f9c9480e3127558fa97f9056260101c52ce7fefb32"
    },
    {
      "path": "/private/tmp/physics-focused-build-20261007/repo/build/profiles/local-owned/ui/text_input.o",
      "identity": [
        16777231,
        252219252,
        33188,
        12040,
        1791434538043923031,
        1791434538105421584
      ],
      "sha256": "11f4b3bab3b0d7b4c197de0b8cbbacdaf06a1f68de8f23c85b97d1a6ba2b63e0"
    }
  ],
  "repo": "/private/tmp/physics-focused-build-20261007/repo",
  "build_root": "/private/tmp/physics-focused-build-20261007/repo/build/profiles/local-owned",
  "targets": [
    {
      "path": "/private/tmp/physics-focused-build-20261007/repo/build/profiles/local-owned",
      "identity": [
        16777231,
        252219216,
        16877,
        1344,
        1791434566616290535
      ]
    }
  ]
}
